path,act. lumi (fb-1),eff. lumi (fb-1),first run,last run,menu version,dataset
HLT_BTagMu_AK4DiJet110_Mu5_noalgo_v,31.92,4.18,320673,325172,v3.3,BTagMu
HLT_BTagMu_AK4DiJet110_Mu5_v,28.04,2.14,315257,320065,v1.1,BTagMu
HLT_BTagMu_AK4DiJet170_Mu5_noalgo_v,31.92,20.31,320673,325172,v3.3,BTagMu
HLT_BTagMu_AK4DiJet170_Mu5_v,28.04,11.71,315257,320065,v1.1,BTagMu
HLT_BTagMu_AK4DiJet20_Mu5_noalgo_v,31.92,0.0329,320673,325172,v3.3,BTagMu
HLT_BTagMu_AK4DiJet20_Mu5_v,28.04,0.0213,315257,320065,v1.1,BTagMu
HLT_BTagMu_AK4DiJet40_Mu5_noalgo_v,31.92,0.21,320673,325172,v3.3,BTagMu
HLT_BTagMu_AK4DiJet40_Mu5_v,28.04,0.13,315257,320065,v1.1,BTagMu
HLT_BTagMu_AK4DiJet70_Mu5_noalgo_v,31.92,1.01,320673,325172,v3.3,BTagMu
HLT_BTagMu_AK4DiJet70_Mu5_v,28.04,0.64,315257,320065,v1.1,BTagMu
HLT_BTagMu_AK4Jet300_Mu5_noalgo_v,31.92,31.92,320673,325172,v3.3,BTagMu
HLT_BTagMu_AK4Jet300_Mu5_v,28.04,28.04,315257,320065,v1.1,BTagMu
HLT_BTagMu_AK8DiJet170_Mu5_noalgo_v,31.92,16.64,320673,325172,v3.3,BTagMu
HLT_BTagMu_AK8DiJet170_Mu5_v,28.04,9.44,315257,320065,v1.1,BTagMu
HLT_BTagMu_AK8Jet170_DoubleMu5_noalgo_v,31.92,31.92,320673,325172,v3.3,BTagMu
HLT_BTagMu_AK8Jet170_DoubleMu5_v,22.74,22.74,315974,320065,v2.0,BTagMu
HLT_BTagMu_AK8Jet300_Mu5_noalgo_v,31.92,31.92,320673,325172,v3.3,BTagMu
HLT_BTagMu_AK8Jet300_Mu5_v,28.04,28.04,315257,320065,v1.1,BTagMu
HLT_Dimuon0_Jpsi3p5_Muon2_v,59.96,59.96,315257,325172,v1.1,Charmonium
HLT_Dimuon0_Jpsi_L1_4R_0er1p5R_v,59.96,0.21,315257,325172,v1.1,Charmonium
HLT_Dimuon0_Jpsi_L1_NoOS_v,59.96,0.0291,315257,325172,v1.1,Charmonium
HLT_Dimuon0_Jpsi_NoVertexing_L1_4R_0er1p5R_v,59.96,0.2,315257,325172,v1.1,Charmonium
HLT_Dimuon0_Jpsi_NoVertexing_NoOS_v,59.96,0.0285,315257,325172,v1.1,Charmonium
HLT_Dimuon0_Jpsi_NoVertexing_v,59.96,0,315257,325172,v1.1,Charmonium
HLT_Dimuon0_Jpsi_v,59.96,0,315257,325172,v1.1,Charmonium
HLT_Dimuon0_LowMass_L1_0er1p5R_v,5.3,0.0161,315257,315973,v1.1,Charmonium
HLT_Dimuon0_LowMass_L1_0er1p5_v,59.96,0.15,315257,325172,v1.1,Charmonium
HLT_Dimuon0_LowMass_L1_4R_v,5.3,0.0093,315257,315973,v1.1,Charmonium
HLT_Dimuon0_LowMass_L1_4_v,59.96,0.0897,315257,325172,v1.1,Charmonium
HLT_Dimuon0_LowMass_v,59.96,0,315257,325172,v1.1,Charmonium
HLT_Dimuon10_PsiPrime_Barrel_Seagulls_v,5.3,5.3,315257,315973,v1.1,Charmonium
HLT_Dimuon18_PsiPrime_noCorrL1_v,59.96,59.96,315257,325172,v1.1,Charmonium
HLT_Dimuon18_PsiPrime_v,59.96,59.96,315257,325172,v1.1,Charmonium
HLT_Dimuon20_Jpsi_Barrel_Seagulls_v,5.3,5.3,315257,315973,v1.1,Charmonium
HLT_Dimuon25_Jpsi_noCorrL1_v,59.96,59.96,315257,325172,v1.1,Charmonium
HLT_Dimuon25_Jpsi_v,59.96,59.96,315257,325172,v1.1,Charmonium
HLT_DoubleMu2_Jpsi_DoubleTkMu0_Phi_v,59.96,59.96,315257,325172,v1.1,Charmonium
HLT_DoubleMu2_Jpsi_DoubleTrk1_Phi1p05_v,59.96,59.96,315257,325172,v1.1,Charmonium
HLT_DoubleMu4_3_Bs_v,59.96,59.96,315257,325172,v1.1,Charmonium
HLT_DoubleMu4_3_Jpsi_v,59.96,6,315257,325172,v1.1,Charmonium
HLT_DoubleMu4_JpsiTrkTrk_Displaced_v,59.96,59.96,315257,325172,v1.1,Charmonium
HLT_DoubleMu4_JpsiTrk_Displaced_v,59.96,59.96,315257,325172,v1.1,Charmonium
HLT_DoubleMu4_Jpsi_Displaced_v,59.96,1.06,315257,325172,v1.1,Charmonium
HLT_DoubleMu4_Jpsi_NoVertexing_v,59.96,0.26,315257,325172,v1.1,Charmonium
HLT_DoubleMu4_PsiPrimeTrk_Displaced_v,59.96,59.96,315257,325172,v1.1,Charmonium
HLT_Mu30_TkMu0_Psi_v,42.28,42.28,317527,325172,v2.2,Charmonium
HLT_Mu7p5_L2Mu2_Jpsi_v,59.96,0.0472,315257,325172,v1.1,Charmonium
HLT_Mu7p5_Track2_Jpsi_v,59.96,0.28,315257,325172,v1.1,Charmonium
HLT_Mu7p5_Track3p5_Jpsi_v,59.96,0.28,315257,325172,v1.1,Charmonium
HLT_Mu7p5_Track7_Jpsi_v,59.96,0.28,315257,325172,v1.1,Charmonium
HLT_IsoTrackHB_v,59.97,57.12,315257,325172,v1.1,Commissioning
HLT_IsoTrackHE_v,59.97,57.12,315257,325172,v1.1,Commissioning
HLT_L1_CDC_SingleMu_3_er1p2_TOP120_DPHI2p618_3p142_v,59.96,0.31,315257,325172,v1.1,Commissioning
HLT_HT400_DisplacedDijet40_DisplacedTrack_v,54.67,13.66,315974,325172,v2.0,DisplacedJet
HLT_HT425_v,59.96,0.12,315257,325172,v1.1,DisplacedJet
HLT_HT430_DisplacedDijet40_DisplacedTrack_v,59.96,59.95,315257,325172,v1.1,DisplacedJet
HLT_HT430_DisplacedDijet60_DisplacedTrack_v,59.96,59.95,315257,325172,v1.1,DisplacedJet
HLT_HT500_DisplacedDijet40_DisplacedTrack_v,59.96,59.95,315257,325172,v1.1,DisplacedJet
HLT_HT550_DisplacedDijet60_Inclusive_v,54.67,3.42,315974,325172,v2.0,DisplacedJet
HLT_HT650_DisplacedDijet60_Inclusive_v,59.96,59.95,315257,325172,v1.1,DisplacedJet
HLT_DoubleL2Mu23NoVtx_2Cha_CosmicSeed_NoL2Matched_v,36.38,36.38,319528,325172,V3.0,DoubleMuon
HLT_DoubleL2Mu23NoVtx_2Cha_CosmicSeed_v,59.96,59.96,315257,325172,v1.1,DoubleMuon
HLT_DoubleL2Mu23NoVtx_2Cha_NoL2Matched_v,36.38,36.38,319528,325172,V3.0,DoubleMuon
HLT_DoubleL2Mu23NoVtx_2Cha_v,59.96,59.96,315257,325172,v1.1,DoubleMuon
HLT_DoubleL2Mu25NoVtx_2Cha_CosmicSeed_Eta2p4_v,58.85,58.85,315488,325172,v1.2,DoubleMuon
HLT_DoubleL2Mu25NoVtx_2Cha_CosmicSeed_NoL2Matched_v,36.38,36.38,319528,325172,V3.0,DoubleMuon
HLT_DoubleL2Mu25NoVtx_2Cha_CosmicSeed_v,59.96,59.96,315257,325172,v1.1,DoubleMuon
HLT_DoubleL2Mu25NoVtx_2Cha_Eta2p4_v,58.85,58.85,315488,325172,v1.2,DoubleMuon
HLT_DoubleL2Mu25NoVtx_2Cha_NoL2Matched_v,36.38,36.38,319528,325172,V3.0,DoubleMuon
HLT_DoubleL2Mu25NoVtx_2Cha_v,59.96,59.96,315257,325172,v1.1,DoubleMuon
HLT_DoubleL2Mu30NoVtx_2Cha_CosmicSeed_Eta2p4_v,58.85,58.85,315488,325172,v1.2,DoubleMuon
HLT_DoubleL2Mu30NoVtx_2Cha_Eta2p4_v,58.85,58.85,315488,325172,v1.2,DoubleMuon
HLT_DoubleL2Mu50_v,59.96,59.96,315257,325172,v1.1,DoubleMuon
HLT_DoubleMu33NoFiltersNoVtxDisplaced_v,54.67,54.67,315974,325172,v2.0,DoubleMuon
HLT_DoubleMu3_DCA_PFMET50_PFMHT60_v,59.96,59.39,315257,325172,v1.1,DoubleMuon
HLT_DoubleMu3_DZ_PFMET50_PFMHT60_v,59.96,59.39,315257,325172,v1.1,DoubleMuon
HLT_DoubleMu3_DZ_PFMET70_PFMHT70_v,59.96,59.39,315257,325172,v1.1,DoubleMuon
HLT_DoubleMu3_DZ_PFMET90_PFMHT90_v,59.96,59.39,315257,325172,v1.1,DoubleMuon
HLT_DoubleMu40NoFiltersNoVtxDisplaced_v,54.67,54.67,315974,325172,v2.0,DoubleMuon
HLT_DoubleMu43NoFiltersNoVtx_v,59.96,59.96,315257,325172,v1.1,DoubleMuon
HLT_DoubleMu48NoFiltersNoVtx_v,59.96,59.96,315257,325172,v1.1,DoubleMuon
HLT_DoubleMu4_Mass3p8_DZ_PFHT350_v,54.67,54.66,315974,325172,v2.0,DoubleMuon
HLT_DoubleMu4_Mass8_DZ_PFHT350_v,5.3,5.3,315257,315973,v1.1,DoubleMuon
HLT_DoubleMu8_Mass8_PFHT350_v,5.3,5.3,315257,315973,v1.1,DoubleMuon
HLT_Mu17_TrkIsoVVL_Mu8_TrkIsoVVL_DZ_Mass3p8_v,59.96,59.96,315257,325172,v1.1,DoubleMuon
HLT_Mu17_TrkIsoVVL_Mu8_TrkIsoVVL_DZ_Mass8_v,59.96,59.96,315257,325172,v1.1,DoubleMuon
HLT_Mu17_TrkIsoVVL_Mu8_TrkIsoVVL_DZ_v,59.96,3.01,315257,325172,v1.1,DoubleMuon
HLT_Mu17_TrkIsoVVL_Mu8_TrkIsoVVL_v,59.96,2.98,315257,325172,v1.1,DoubleMuon
HLT_Mu17_TrkIsoVVL_v,59.96,0.046,315257,325172,v1.1,DoubleMuon
HLT_Mu17_v,59.96,0.046,315257,325172,v1.1,DoubleMuon
HLT_Mu18_Mu9_DZ_v,59.96,1.49,315257,325172,v1.1,DoubleMuon
HLT_Mu18_Mu9_SameSign_DZ_v,59.96,59.96,315257,325172,v1.1,DoubleMuon
HLT_Mu18_Mu9_SameSign_v,59.96,59.96,315257,325172,v1.1,DoubleMuon
HLT_Mu18_Mu9_v,59.96,1.49,315257,325172,v1.1,DoubleMuon
HLT_Mu19_TrkIsoVVL_Mu9_TrkIsoVVL_DZ_Mass3p8_v,59.96,59.96,315257,325172,v1.1,DoubleMuon
HLT_Mu19_TrkIsoVVL_Mu9_TrkIsoVVL_DZ_Mass8_v,59.96,59.96,315257,325172,v1.1,DoubleMuon
HLT_Mu19_TrkIsoVVL_Mu9_TrkIsoVVL_DZ_v,59.96,3.14,315257,325172,v1.1,DoubleMuon
HLT_Mu19_TrkIsoVVL_Mu9_TrkIsoVVL_v,59.96,3.08,315257,325172,v1.1,DoubleMuon
HLT_Mu19_TrkIsoVVL_v,59.96,0.046,315257,325172,v1.1,DoubleMuon
HLT_Mu19_v,59.96,0.046,315257,325172,v1.1,DoubleMuon
HLT_Mu20_Mu10_DZ_v,59.96,1.53,315257,325172,v1.1,DoubleMuon
HLT_Mu20_Mu10_SameSign_DZ_v,59.96,59.96,315257,325172,v1.1,DoubleMuon
HLT_Mu20_Mu10_SameSign_v,59.96,59.96,315257,325172,v1.1,DoubleMuon
HLT_Mu20_Mu10_v,59.96,1.53,315257,325172,v1.1,DoubleMuon
HLT_Mu23_Mu12_DZ_v,59.96,2.99,315257,325172,v1.1,DoubleMuon
HLT_Mu23_Mu12_SameSign_DZ_v,59.96,59.96,315257,325172,v1.1,DoubleMuon
HLT_Mu23_Mu12_SameSign_v,59.96,59.96,315257,325172,v1.1,DoubleMuon
HLT_Mu23_Mu12_v,59.96,2.94,315257,325172,v1.1,DoubleMuon
HLT_Mu37_TkMu27_v,59.96,59.96,315257,325172,v1.1,DoubleMuon
HLT_Mu8_TrkIsoVVL_v,59.96,0.0086,315257,325172,v1.1,DoubleMuon
HLT_Mu8_v,59.96,0.0086,315257,325172,v1.1,DoubleMuon
HLT_TripleMu_10_5_5_DZ_v,59.96,59.96,315257,325172,v1.1,DoubleMuon
HLT_TripleMu_12_10_5_v,59.96,59.96,315257,325172,v1.1,DoubleMuon
HLT_TripleMu_5_3_3_Mass3p8_DCA_v,54.67,54.67,315974,325172,v2.0,DoubleMuon
HLT_TripleMu_5_3_3_Mass3p8_DZ_v,54.67,54.67,315974,325172,v2.0,DoubleMuon
HLT_TripleMu_5_3_3_Mass3p8to60_DCA_v,5.3,5.3,315257,315973,v1.1,DoubleMuon
HLT_TripleMu_5_3_3_Mass3p8to60_DZ_v,5.3,5.3,315257,315973,v1.1,DoubleMuon
HLT_TrkMu12_DoubleTrkMu5NoFiltersNoVtx_v,59.96,59.96,315257,325172,v1.1,DoubleMuon
HLT_TrkMu16_DoubleTrkMu6NoFiltersNoVtx_v,59.96,59.96,315257,325172,v1.1,DoubleMuon
HLT_TrkMu17_DoubleTrkMu8NoFiltersNoVtx_v,59.96,59.96,315257,325172,v1.1,DoubleMuon
HLT_Dimuon0_LowMass_L1_TM530_v,59.96,0.13,315257,325172,v1.1,DoubleMuonLowMass
HLT_DoubleMu3_TkMu_DsTau3Mu_v,59.96,59.96,315257,325172,v1.1,DoubleMuonLowMass
HLT_DoubleMu3_Trk_Tau3mu_NoL1Mass_v,59.96,2.68,315257,325172,v1.1,DoubleMuonLowMass
HLT_DoubleMu3_Trk_Tau3mu_v,59.96,3,315257,325172,v1.1,DoubleMuonLowMass
HLT_DoubleMu4_LowMassNonResonantTrk_Displaced_v,59.96,59.96,315257,325172,v1.1,DoubleMuonLowMass
HLT_Tau3Mu_Mu7_Mu1_TkMu1_IsoTau15_Charge1_v,59.96,59.96,315257,325172,v1.1,DoubleMuonLowMass
HLT_Tau3Mu_Mu7_Mu1_TkMu1_IsoTau15_v,59.96,59.96,315257,325172,v1.1,DoubleMuonLowMass
HLT_Tau3Mu_Mu7_Mu1_TkMu1_Tau15_Charge1_v,59.96,5.88,315257,325172,v1.1,DoubleMuonLowMass
HLT_Tau3Mu_Mu7_Mu1_TkMu1_Tau15_v,59.96,5.91,315257,325172,v1.1,DoubleMuonLowMass
HLT_DiEle27_WPTightCaloOnly_L1DoubleEG_v,59.96,59.96,315257,325172,v1.1,EGamma
HLT_DiSC30_18_EIso_AND_HE_Mass70_v,59.96,0.25,315257,325172,v1.1,EGamma
HLT_Diphoton30EB_18EB_R9Id_OR_IsoCaloId_AND_HE_R9Id_NoPixelVeto_Mass55_v,5.3,0.0468,315257,315973,v1.1,EGamma
HLT_Diphoton30EB_18EB_R9Id_OR_IsoCaloId_AND_HE_R9Id_PixelVeto_Mass55_v,5.3,0.0726,315257,315973,v1.1,EGamma
HLT_Diphoton30PV_18PV_R9Id_AND_IsoCaloId_AND_HE_R9Id_NoPixelVeto_Mass55_v,59.96,1.93,315257,325172,v1.1,EGamma
HLT_Diphoton30PV_18PV_R9Id_AND_IsoCaloId_AND_HE_R9Id_PixelVeto_Mass55_v,59.96,59.96,315257,325172,v1.1,EGamma
HLT_Diphoton30_18_PVrealAND_R9Id_AND_IsoCaloId_AND_HE_R9Id_NoPixelVeto_Mass55_v,5.3,5.3,315257,315973,v1.1,EGamma
HLT_Diphoton30_18_PVrealAND_R9Id_AND_IsoCaloId_AND_HE_R9Id_PixelVeto_Mass55_v,5.3,5.3,315257,315973,v1.1,EGamma
HLT_Diphoton30_18_R9IdL_AND_HE_AND_IsoCaloId_NoPixelVeto_Mass55_v,54.67,54.67,315974,325172,v2.0,EGamma
HLT_Diphoton30_18_R9IdL_AND_HE_AND_IsoCaloId_NoPixelVeto_v,54.67,54.67,315974,325172,v2.0,EGamma
HLT_Diphoton30_22_R9Id_OR_IsoCaloId_AND_HE_R9Id_Mass90_v,59.96,59.96,315257,325172,v1.1,EGamma
HLT_Diphoton30_22_R9Id_OR_IsoCaloId_AND_HE_R9Id_Mass95_v,59.96,59.96,315257,325172,v1.1,EGamma
HLT_DoubleEle25_CaloIdL_MW_v,59.96,59.96,315257,325172,v1.1,EGamma
HLT_DoubleEle27_CaloIdL_MW_v,59.96,59.96,315257,325172,v1.1,EGamma
HLT_DoubleEle33_CaloIdL_MW_v,59.96,59.96,315257,325172,v1.1,EGamma
HLT_DoubleEle8_CaloIdM_TrackIdM_Mass8_DZ_PFHT350_v,59.96,59.96,315257,325172,v1.1,EGamma
HLT_DoubleEle8_CaloIdM_TrackIdM_Mass8_PFHT350_v,59.96,59.96,315257,325172,v1.1,EGamma
HLT_DoublePhoton33_CaloIdL_v,59.96,0.96,315257,325172,v1.1,EGamma
HLT_DoublePhoton70_v,59.96,59.96,315257,325172,v1.1,EGamma
HLT_DoublePhoton85_v,59.96,59.96,315257,325172,v1.1,EGamma
HLT_ECALHT800_v,59.96,59.96,315257,325172,v1.1,EGamma
HLT_Ele115_CaloIdVT_GsfTrkIdT_v,59.96,59.96,315257,325172,v1.1,EGamma
HLT_Ele12_CaloIdL_TrackIdL_IsoVL_PFJet30_v,59.96,0.039,315257,325172,v1.1,EGamma
HLT_Ele135_CaloIdVT_GsfTrkIdT_v,59.96,59.96,315257,325172,v1.1,EGamma
HLT_Ele145_CaloIdVT_GsfTrkIdT_v,59.96,59.96,315257,325172,v1.1,EGamma
HLT_Ele15_IsoVVVL_PFHT450_CaloBTagCSV_4p5_v,5.3,0,315257,315973,v1.1,EGamma
HLT_Ele15_IsoVVVL_PFHT450_CaloBTagDeepCSV_4p5_v,54.67,0.0011,315974,325172,v2.0,EGamma
HLT_Ele15_IsoVVVL_PFHT450_PFMET50_v,59.96,0.0011,315257,325172,v1.1,EGamma
HLT_Ele15_IsoVVVL_PFHT450_v,59.96,0.0011,315257,325172,v1.1,EGamma
HLT_Ele15_IsoVVVL_PFHT600_v,59.96,0.0011,315257,325172,v1.1,EGamma
HLT_Ele16_Ele12_Ele8_CaloIdL_TrackIdL_v,59.96,54.67,315257,325172,v1.1,EGamma
HLT_Ele17_CaloIdM_TrackIdM_PFJet30_v,59.96,0.039,315257,325172,v1.1,EGamma
HLT_Ele200_CaloIdVT_GsfTrkIdT_v,59.96,59.96,315257,325172,v1.1,EGamma
HLT_Ele23_CaloIdL_TrackIdL_IsoVL_PFJet30_v,59.96,0.0391,315257,325172,v1.1,EGamma
HLT_Ele23_CaloIdM_TrackIdM_PFJet30_v,59.96,0.039,315257,325172,v1.1,EGamma
HLT_Ele23_Ele12_CaloIdL_TrackIdL_IsoVL_DZ_v,59.96,59.96,315257,325172,v1.1,EGamma
HLT_Ele23_Ele12_CaloIdL_TrackIdL_IsoVL_v,59.96,59.96,315257,325172,v1.1,EGamma
HLT_Ele24_eta2p1_WPTight_Gsf_LooseChargedIsoPFTau30_eta2p1_CrossL1_v,17.68,17.68,315257,317488,v1.1,EGamma
HLT_Ele24_eta2p1_WPTight_Gsf_LooseChargedIsoPFTau30_eta2p1_TightID_CrossL1_v,17.68,17.68,315257,317488,v1.1,EGamma
HLT_Ele24_eta2p1_WPTight_Gsf_LooseChargedIsoPFTauHPS30_eta2p1_CrossL1_v,42.28,42.28,317527,325172,v2.2,EGamma
HLT_Ele24_eta2p1_WPTight_Gsf_LooseChargedIsoPFTauHPS30_eta2p1_TightID_CrossL1_v,42.28,42.28,317527,325172,v2.2,EGamma
HLT_Ele24_eta2p1_WPTight_Gsf_MediumChargedIsoPFTau30_eta2p1_CrossL1_v,17.68,17.68,315257,317488,v1.1,EGamma
HLT_Ele24_eta2p1_WPTight_Gsf_MediumChargedIsoPFTau30_eta2p1_TightID_CrossL1_v,17.68,17.68,315257,317488,v1.1,EGamma
HLT_Ele24_eta2p1_WPTight_Gsf_MediumChargedIsoPFTauHPS30_eta2p1_CrossL1_v,42.28,42.28,317527,325172,v2.2,EGamma
HLT_Ele24_eta2p1_WPTight_Gsf_MediumChargedIsoPFTauHPS30_eta2p1_TightID_CrossL1_v,42.28,42.28,317527,325172,v2.2,EGamma
HLT_Ele24_eta2p1_WPTight_Gsf_TightChargedIsoPFTau30_eta2p1_CrossL1_v,17.68,17.68,315257,317488,v1.1,EGamma
HLT_Ele24_eta2p1_WPTight_Gsf_TightChargedIsoPFTau30_eta2p1_TightID_CrossL1_v,17.68,17.68,315257,317488,v1.1,EGamma
HLT_Ele24_eta2p1_WPTight_Gsf_TightChargedIsoPFTauHPS30_eta2p1_CrossL1_v,42.28,42.28,317527,325172,v2.2,EGamma
HLT_Ele24_eta2p1_WPTight_Gsf_TightChargedIsoPFTauHPS30_eta2p1_TightID_CrossL1_v,42.28,42.28,317527,325172,v2.2,EGamma
HLT_Ele250_CaloIdVT_GsfTrkIdT_v,59.96,59.96,315257,325172,v1.1,EGamma
HLT_Ele27_Ele37_CaloIdL_MW_v,59.96,59.96,315257,325172,v1.1,EGamma
HLT_Ele27_WPTight_Gsf_v,1.11,1.11,315257,315420,v1.1,EGamma
HLT_Ele28_HighEta_SC20_Mass55_v,59.96,59.96,315257,325172,v1.1,EGamma
HLT_Ele28_WPTight_Gsf_v,23.69,23.69,321397,325172,v3.4,EGamma
HLT_Ele28_eta2p1_WPTight_Gsf_HT150_v,59.96,59.96,315257,325172,v1.1,EGamma
HLT_Ele300_CaloIdVT_GsfTrkIdT_v,59.96,59.96,315257,325172,v1.1,EGamma
HLT_Ele30_WPTight_Gsf_v,23.69,23.69,321397,325172,v3.4,EGamma
HLT_Ele30_eta2p1_WPTight_Gsf_CentralPFJet35_EleCleaned_v,59.96,59.96,315257,325172,v1.1,EGamma
HLT_Ele32_WPTight_Gsf_L1DoubleEG_v,59.96,59.96,315257,325172,v1.1,EGamma
HLT_Ele32_WPTight_Gsf_v,59.96,59.96,315257,325172,v1.1,EGamma
HLT_Ele35_WPTight_Gsf_L1EGMT_v,59.96,59.96,315257,325172,v1.1,EGamma
HLT_Ele35_WPTight_Gsf_v,59.96,59.96,315257,325172,v1.1,EGamma
HLT_Ele38_WPTight_Gsf_v,59.96,59.96,315257,325172,v1.1,EGamma
HLT_Ele40_WPTight_Gsf_v,59.96,59.96,315257,325172,v1.1,EGamma
HLT_Ele50_CaloIdVT_GsfTrkIdT_PFJet165_v,59.96,59.96,315257,325172,v1.1,EGamma
HLT_Ele50_IsoVVVL_PFHT450_v,59.96,0.0011,315257,325172,v1.1,EGamma
HLT_Ele8_CaloIdL_TrackIdL_IsoVL_PFJet30_v,59.96,0.0064,315257,325172,v1.1,EGamma
HLT_Ele8_CaloIdM_TrackIdM_PFJet30_v,59.96,0.0064,315257,325172,v1.1,EGamma
HLT_Photon100EBHE10_v,54.67,1.71,315974,325172,v2.0,EGamma
HLT_Photon100EB_TightID_TightIso_v,54.67,6.83,315974,325172,v2.0,EGamma
HLT_Photon100EEHE10_v,54.67,1.71,315974,325172,v2.0,EGamma
HLT_Photon100EE_TightID_TightIso_v,54.67,9.39,315974,325172,v2.0,EGamma
HLT_Photon110EB_TightID_TightIso_v,54.67,54.67,315974,325172,v2.0,EGamma
HLT_Photon120EB_TightID_TightIso_v,54.67,54.67,315974,325172,v2.0,EGamma
HLT_Photon120_R9Id90_HE10_IsoM_v,59.96,7.44,315257,325172,v1.1,EGamma
HLT_Photon120_v,59.96,0.47,315257,325172,v1.1,EGamma
HLT_Photon150_v,59.96,0.48,315257,325172,v1.1,EGamma
HLT_Photon165_R9Id90_HE10_IsoM_v,59.96,22.38,315257,325172,v1.1,EGamma
HLT_Photon175_v,59.96,0.95,315257,325172,v1.1,EGamma
HLT_Photon200_v,59.96,59.96,315257,325172,v1.1,EGamma
HLT_Photon20_HoverELoose_v,59.96,0.0032,315257,325172,v1.1,EGamma
HLT_Photon300_NoHE_v,59.96,59.96,315257,325172,v1.1,EGamma
HLT_Photon30_HoverELoose_v,59.96,0.0064,315257,325172,v1.1,EGamma
HLT_Photon33_v,59.96,0.0024,315257,325172,v1.1,EGamma
HLT_Photon50_R9Id90_HE10_IsoM_EBOnly_PFJetsMJJ300DEta3_PFMET50_v,59.96,59.96,315257,325172,v1.1,EGamma
HLT_Photon50_R9Id90_HE10_IsoM_v,59.96,0.24,315257,325172,v1.1,EGamma
HLT_Photon50_v,59.96,0.0099,315257,325172,v1.1,EGamma
HLT_Photon60_R9Id90_CaloIdL_IsoL_DisplacedIdL_PFHT350MinPFJet15_v,59.96,59.96,315257,325172,v1.1,EGamma
HLT_Photon60_R9Id90_CaloIdL_IsoL_DisplacedIdL_v,59.96,0.48,315257,325172,v1.1,EGamma
HLT_Photon60_R9Id90_CaloIdL_IsoL_v,59.96,0.47,315257,325172,v1.1,EGamma
HLT_Photon75_R9Id90_HE10_IsoM_EBOnly_CaloMJJ300_PFJetsMJJ400DEta3_v,59.96,59.96,315257,325172,v1.1,EGamma
HLT_Photon75_R9Id90_HE10_IsoM_EBOnly_CaloMJJ400_PFJetsMJJ600DEta3_v,59.96,59.96,315257,325172,v1.1,EGamma
HLT_Photon75_R9Id90_HE10_IsoM_EBOnly_PFJetsMJJ300DEta3_v,59.96,59.96,315257,325172,v1.1,EGamma
HLT_Photon75_R9Id90_HE10_IsoM_EBOnly_PFJetsMJJ600DEta3_v,59.96,59.96,315257,325172,v1.1,EGamma
HLT_Photon75_R9Id90_HE10_IsoM_v,59.96,0.95,315257,325172,v1.1,EGamma
HLT_Photon75_v,59.96,0.12,315257,325172,v1.1,EGamma
HLT_Photon90_R9Id90_HE10_IsoM_v,59.96,1.91,315257,325172,v1.1,EGamma
HLT_Photon90_v,59.96,0.11,315257,325172,v1.1,EGamma
HLT_TriplePhoton_20_20_20_CaloIdLV2_R9IdVL_v,59.96,59.96,315257,325172,v1.1,EGamma
HLT_TriplePhoton_20_20_20_CaloIdLV2_v,59.96,59.96,315257,325172,v1.1,EGamma
HLT_TriplePhoton_30_30_10_CaloIdLV2_R9IdVL_v,59.96,59.96,315257,325172,v1.1,EGamma
HLT_TriplePhoton_30_30_10_CaloIdLV2_v,59.96,59.96,315257,325172,v1.1,EGamma
HLT_TriplePhoton_35_35_5_CaloIdLV2_R9IdVL_v,59.96,59.96,315257,325172,v1.1,EGamma
HLT_Physics_v,59.97,1.19,315257,325172,v1.1,HLTPhysics
HLT_HcalNZS_v,59.97,59.96,315257,325172,v1.1,HcalNZS
HLT_HcalPhiSym_v,59.97,59.96,315257,325172,v1.1,HcalNZS
HLT_HcalIsolatedbunch_v,59.97,4.65,315257,325172,v1.1,IsolatedBunch
HLT_AK8PFHT750_TrimMass50_v,1.41,1.41,315257,315490,v1.1,JetHT
HLT_AK8PFHT800_TrimMass50_v,59.96,59.96,315257,325172,v1.1,JetHT
HLT_AK8PFHT850_TrimMass50_v,59.96,59.96,315257,325172,v1.1,JetHT
HLT_AK8PFHT900_TrimMass50_v,59.96,59.96,315257,325172,v1.1,JetHT
HLT_AK8PFJet140_v,59.96,0.0472,315257,325172,v1.1,JetHT
HLT_AK8PFJet200_v,59.96,0.2,315257,325172,v1.1,JetHT
HLT_AK8PFJet260_v,59.96,0.46,315257,325172,v1.1,JetHT
HLT_AK8PFJet320_v,59.96,1.24,315257,325172,v1.1,JetHT
HLT_AK8PFJet330_TrimMass30_PFAK8BTagCSV_p17_v,5.3,5.3,315257,315973,v1.1,JetHT
HLT_AK8PFJet330_TrimMass30_PFAK8BTagCSV_p1_v,5.3,5.3,315257,315973,v1.1,JetHT
HLT_AK8PFJet330_TrimMass30_PFAK8BTagDeepCSV_p17_v,22.74,22.74,315974,320065,v2.0,JetHT
HLT_AK8PFJet330_TrimMass30_PFAK8BTagDeepCSV_p1_v,22.74,22.74,315974,320065,v2.0,JetHT
HLT_AK8PFJet330_TrimMass30_PFAK8BoostedDoubleB_np2_v,54.67,54.67,315974,325172,v2.0,JetHT
HLT_AK8PFJet330_TrimMass30_PFAK8BoostedDoubleB_np4_v,54.67,54.67,315974,325172,v2.0,JetHT
HLT_AK8PFJet330_TrimMass30_PFAK8BoostedDoubleB_p02_v,59.96,54.77,315257,325172,v1.1,JetHT
HLT_AK8PFJet360_TrimMass30_v,1.41,1.41,315257,315490,v1.1,JetHT
HLT_AK8PFJet380_TrimMass30_v,1.41,1.41,315257,315490,v1.1,JetHT
HLT_AK8PFJet400_TrimMass30_v,59.96,59.96,315257,325172,v1.1,JetHT
HLT_AK8PFJet400_v,59.96,3.73,315257,325172,v1.1,JetHT
HLT_AK8PFJet40_v,59.96,0,315257,325172,v1.1,JetHT
HLT_AK8PFJet420_TrimMass30_v,59.96,59.96,315257,325172,v1.1,JetHT
HLT_AK8PFJet450_v,59.96,7.41,315257,325172,v1.1,JetHT
HLT_AK8PFJet500_v,59.96,59.96,315257,325172,v1.1,JetHT
HLT_AK8PFJet550_v,59.96,59.96,315257,325172,v1.1,JetHT
HLT_AK8PFJet60_v,59.96,0.0004,315257,325172,v1.1,JetHT
HLT_AK8PFJet80_v,59.96,0.0022,315257,325172,v1.1,JetHT
HLT_AK8PFJetFwd140_v,59.96,0.11,315257,325172,v1.1,JetHT
HLT_AK8PFJetFwd200_v,59.96,1.39,315257,325172,v1.1,JetHT
HLT_AK8PFJetFwd260_v,59.96,7.1,315257,325172,v1.1,JetHT
HLT_AK8PFJetFwd320_v,59.96,21.7,315257,325172,v1.1,JetHT
HLT_AK8PFJetFwd400_v,59.96,59.96,315257,325172,v1.1,JetHT
HLT_AK8PFJetFwd40_v,59.96,0,315257,325172,v1.1,JetHT
HLT_AK8PFJetFwd450_v,59.96,59.96,315257,325172,v1.1,JetHT
HLT_AK8PFJetFwd500_v,59.96,59.96,315257,325172,v1.1,JetHT
HLT_AK8PFJetFwd60_v,59.96,0.0005,315257,325172,v1.1,JetHT
HLT_AK8PFJetFwd80_v,59.96,0.0039,315257,325172,v1.1,JetHT
HLT_CaloJet500_NoJetID_v,59.96,59.96,315257,325172,v1.1,JetHT
HLT_CaloJet550_NoJetID_v,59.96,59.96,315257,325172,v1.1,JetHT
HLT_DiPFJetAve100_HFJEC_v,59.96,0.17,315257,325172,v1.1,JetHT
HLT_DiPFJetAve140_v,59.96,0.0609,315257,325172,v1.1,JetHT
HLT_DiPFJetAve160_HFJEC_v,59.96,1.13,315257,325172,v1.1,JetHT
HLT_DiPFJetAve200_v,59.96,0.26,315257,325172,v1.1,JetHT
HLT_DiPFJetAve220_HFJEC_v,59.96,10.78,315257,325172,v1.1,JetHT
HLT_DiPFJetAve260_v,59.96,0.68,315257,325172,v1.1,JetHT
HLT_DiPFJetAve300_HFJEC_v,59.96,59.96,315257,325172,v1.1,JetHT
HLT_DiPFJetAve320_v,59.96,1.81,315257,325172,v1.1,JetHT
HLT_DiPFJetAve400_v,59.96,5.43,315257,325172,v1.1,JetHT
HLT_DiPFJetAve40_v,59.96,0.0002,315257,325172,v1.1,JetHT
HLT_DiPFJetAve500_v,59.96,21.33,315257,325172,v1.1,JetHT
HLT_DiPFJetAve60_HFJEC_v,59.96,0.0036,315257,325172,v1.1,JetHT
HLT_DiPFJetAve60_v,59.96,0.001,315257,325172,v1.1,JetHT
HLT_DiPFJetAve80_HFJEC_v,59.96,0.0399,315257,325172,v1.1,JetHT
HLT_DiPFJetAve80_v,59.96,0.0054,315257,325172,v1.1,JetHT
HLT_DoublePFJets100_CaloBTagCSV_p79_v,5.3,0.0115,315257,315973,v1.1,JetHT
HLT_DoublePFJets100_CaloBTagDeepCSV_p71_v,54.67,0.16,315974,325172,v2.0,JetHT
HLT_DoublePFJets116MaxDeta1p6_DoubleCaloBTagCSV_p79_v,5.3,5.3,315257,315973,v1.1,JetHT
HLT_DoublePFJets116MaxDeta1p6_DoubleCaloBTagDeepCSV_p71_v,54.67,54.67,315974,325172,v2.0,JetHT
HLT_DoublePFJets128MaxDeta1p6_DoubleCaloBTagCSV_p79_v,5.3,5.3,315257,315973,v1.1,JetHT
HLT_DoublePFJets128MaxDeta1p6_DoubleCaloBTagDeepCSV_p71_v,54.67,54.67,315974,325172,v2.0,JetHT
HLT_DoublePFJets200_CaloBTagCSV_p79_v,5.3,0.004,315257,315973,v1.1,JetHT
HLT_DoublePFJets200_CaloBTagDeepCSV_p71_v,54.67,0.78,315974,325172,v2.0,JetHT
HLT_DoublePFJets350_CaloBTagCSV_p79_v,5.3,0.059,315257,315973,v1.1,JetHT
HLT_DoublePFJets350_CaloBTagDeepCSV_p71_v,54.67,0.78,315974,325172,v2.0,JetHT
HLT_DoublePFJets40_CaloBTagCSV_p79_v,5.3,0.0005,315257,315973,v1.1,JetHT
HLT_DoublePFJets40_CaloBTagDeepCSV_p71_v,54.67,0.0065,315974,325172,v2.0,JetHT
HLT_Mu12_DoublePFJets100_CaloBTagCSV_p79_v,5.3,0.0883,315257,315973,v1.1,JetHT
HLT_Mu12_DoublePFJets100_CaloBTagDeepCSV_p71_v,54.67,1.54,315974,325172,v2.0,JetHT
HLT_Mu12_DoublePFJets200_CaloBTagCSV_p79_v,5.3,1.96,315257,315973,v1.1,JetHT
HLT_Mu12_DoublePFJets200_CaloBTagDeepCSV_p71_v,54.67,30.21,315974,325172,v2.0,JetHT
HLT_Mu12_DoublePFJets350_CaloBTagCSV_p79_v,5.3,5.3,315257,315973,v1.1,JetHT
HLT_Mu12_DoublePFJets350_CaloBTagDeepCSV_p71_v,54.67,30.21,315974,325172,v2.0,JetHT
HLT_Mu12_DoublePFJets40MaxDeta1p6_DoubleCaloBTagCSV_p79_v,5.3,5.3,315257,315973,v1.1,JetHT
HLT_Mu12_DoublePFJets40MaxDeta1p6_DoubleCaloBTagDeepCSV_p71_v,54.67,54.67,315974,325172,v2.0,JetHT
HLT_Mu12_DoublePFJets40_CaloBTagCSV_p79_v,5.3,0.0147,315257,315973,v1.1,JetHT
HLT_Mu12_DoublePFJets40_CaloBTagDeepCSV_p71_v,54.67,0.21,315974,325172,v2.0,JetHT
HLT_Mu12_DoublePFJets54MaxDeta1p6_DoubleCaloBTagCSV_p79_v,5.3,5.3,315257,315973,v1.1,JetHT
HLT_Mu12_DoublePFJets54MaxDeta1p6_DoubleCaloBTagDeepCSV_p71_v,54.67,54.67,315974,325172,v2.0,JetHT
HLT_Mu12_DoublePFJets62MaxDeta1p6_DoubleCaloBTagCSV_p79_v,5.3,5.3,315257,315973,v1.1,JetHT
HLT_Mu12_DoublePFJets62MaxDeta1p6_DoubleCaloBTagDeepCSV_p71_v,54.67,54.67,315974,325172,v2.0,JetHT
HLT_PFHT1050_v,59.96,59.96,315257,325172,v1.1,JetHT
HLT_PFHT180_v,59.96,0.0052,315257,325172,v1.1,JetHT
HLT_PFHT250_v,59.96,0.0144,315257,325172,v1.1,JetHT
HLT_PFHT330PT30_QuadPFJet_75_60_45_40_TriplePFBTagDeepCSV_4p5_v,59.96,59.96,315257,325172,v1.1,JetHT
HLT_PFHT330PT30_QuadPFJet_75_60_45_40_v,59.96,0.45,315257,325172,v1.1,JetHT
HLT_PFHT350MinPFJet15_v,59.96,0.0191,315257,325172,v1.1,JetHT
HLT_PFHT350_v,59.96,0.23,315257,325172,v1.1,JetHT
HLT_PFHT370_v,59.96,0.0368,315257,325172,v1.1,JetHT
HLT_PFHT380_SixPFJet32_DoublePFBTagCSV_2p2_v,5.3,5.3,315257,315973,v1.1,JetHT
HLT_PFHT380_SixPFJet32_DoublePFBTagDeepCSV_2p2_v,17.68,17.68,315257,317488,v1.1,JetHT
HLT_PFHT380_SixPFJet32_v,17.68,0.58,315257,317488,v1.1,JetHT
HLT_PFHT400_FivePFJet_100_100_60_30_30_DoublePFBTagDeepCSV_4p5_v,12.74,12.74,322381,325172,v3.5,JetHT
HLT_PFHT400_FivePFJet_100_100_60_30_30_v,12.74,0.32,322381,325172,v3.5,JetHT
HLT_PFHT400_FivePFJet_120_120_60_30_30_DoublePFBTagDeepCSV_4p5_v,12.74,12.74,322381,325172,v3.5,JetHT
HLT_PFHT400_SixPFJet32_DoublePFBTagDeepCSV_2p94_v,42.28,42.28,317527,325172,v2.2,JetHT
HLT_PFHT400_SixPFJet32_v,42.28,1.73,317527,325172,v2.2,JetHT
HLT_PFHT430_SixPFJet40_PFBTagCSV_1p5_v,5.3,5.3,315257,315973,v1.1,JetHT
HLT_PFHT430_SixPFJet40_PFBTagDeepCSV_1p5_v,12.38,12.38,315974,317488,v2.0,JetHT
HLT_PFHT430_SixPFJet40_v,17.68,1.18,315257,317488,v1.1,JetHT
HLT_PFHT430_v,59.96,0.12,315257,325172,v1.1,JetHT
HLT_PFHT450_SixPFJet36_PFBTagDeepCSV_1p59_v,42.28,42.28,317527,325172,v2.2,JetHT
HLT_PFHT450_SixPFJet36_v,42.28,2.74,317527,325172,v2.2,JetHT
HLT_PFHT500_PFMET100_PFMHT100_IDTight_v,59.96,59.96,315257,325172,v1.1,JetHT
HLT_PFHT500_PFMET110_PFMHT110_IDTight_v,59.96,59.96,315257,325172,v1.1,JetHT
HLT_PFHT510_v,59.96,0.23,315257,325172,v1.1,JetHT
HLT_PFHT590_v,59.96,0.47,315257,325172,v1.1,JetHT
HLT_PFHT680_v,59.96,0.92,315257,325172,v1.1,JetHT
HLT_PFHT700_PFMET85_PFMHT85_IDTight_v,59.96,59.96,315257,325172,v1.1,JetHT
HLT_PFHT700_PFMET95_PFMHT95_IDTight_v,59.96,59.96,315257,325172,v1.1,JetHT
HLT_PFHT780_v,59.96,1.84,315257,325172,v1.1,JetHT
HLT_PFHT800_PFMET75_PFMHT75_IDTight_v,59.96,59.96,315257,325172,v1.1,JetHT
HLT_PFHT800_PFMET85_PFMHT85_IDTight_v,59.96,59.96,315257,325172,v1.1,JetHT
HLT_PFHT890_v,59.96,3.67,315257,325172,v1.1,JetHT
HLT_PFJet140_v,59.96,0.0486,315257,325172,v1.1,JetHT
HLT_PFJet200_v,59.96,0.21,315257,325172,v1.1,JetHT
HLT_PFJet260_v,59.96,0.47,315257,325172,v1.1,JetHT
HLT_PFJet320_v,59.96,1.83,315257,325172,v1.1,JetHT
HLT_PFJet400_v,59.96,3.78,315257,325172,v1.1,JetHT
HLT_PFJet40_v,59.96,0.0002,315257,325172,v1.1,JetHT
HLT_PFJet450_v,59.96,7.53,315257,325172,v1.1,JetHT
HLT_PFJet500_v,59.96,59.96,315257,325172,v1.1,JetHT
HLT_PFJet550_v,59.96,59.96,315257,325172,v1.1,JetHT
HLT_PFJet60_v,59.96,0.0008,315257,325172,v1.1,JetHT
HLT_PFJet80_v,59.96,0.0051,315257,325172,v1.1,JetHT
HLT_PFJetFwd140_v,59.96,0.22,315257,325172,v1.1,JetHT
HLT_PFJetFwd200_v,59.96,1.42,315257,325172,v1.1,JetHT
HLT_PFJetFwd260_v,59.96,7.24,315257,325172,v1.1,JetHT
HLT_PFJetFwd320_v,59.96,22.08,315257,325172,v1.1,JetHT
HLT_PFJetFwd400_v,59.96,59.96,315257,325172,v1.1,JetHT
HLT_PFJetFwd40_v,59.96,0.0001,315257,325172,v1.1,JetHT
HLT_PFJetFwd450_v,59.96,59.96,315257,325172,v1.1,JetHT
HLT_PFJetFwd500_v,59.96,59.96,315257,325172,v1.1,JetHT
HLT_PFJetFwd60_v,59.96,0.0006,315257,325172,v1.1,JetHT
HLT_PFJetFwd80_v,59.96,0.0117,315257,325172,v1.1,JetHT
HLT_QuadPFJet103_88_75_15_BTagCSV_p013_VBF2_v,5.3,5.3,315257,315973,v1.1,JetHT
HLT_QuadPFJet103_88_75_15_DoubleBTagCSV_p013_p08_VBF1_v,5.3,5.3,315257,315973,v1.1,JetHT
HLT_QuadPFJet103_88_75_15_DoublePFBTagDeepCSV_1p3_7p7_VBF1_v,54.67,54.67,315974,325172,v2.0,JetHT
HLT_QuadPFJet103_88_75_15_PFBTagDeepCSV_1p3_VBF2_v,54.67,54.67,315974,325172,v2.0,JetHT
HLT_QuadPFJet103_88_75_15_v,59.96,0.22,315257,325172,v1.1,JetHT
HLT_QuadPFJet105_88_76_15_BTagCSV_p013_VBF2_v,5.3,5.3,315257,315973,v1.1,JetHT
HLT_QuadPFJet105_88_76_15_DoublePFBTagDeepCSV_1p3_7p7_VBF1_v,42.28,42.28,317527,325172,v2.2,JetHT
HLT_QuadPFJet105_88_76_15_PFBTagDeepCSV_1p3_VBF2_v,54.67,54.67,315974,325172,v2.0,JetHT
HLT_QuadPFJet105_88_76_15_v,59.96,0.12,315257,325172,v1.1,JetHT
HLT_QuadPFJet105_90_76_15_DoubleBTagCSV_p013_p08_VBF1_v,5.3,5.3,315257,315973,v1.1,JetHT
HLT_QuadPFJet105_90_76_15_DoublePFBTagDeepCSV_1p3_7p7_VBF1_v,12.38,12.38,315974,317488,v2.0,JetHT
HLT_QuadPFJet111_90_80_15_BTagCSV_p013_VBF2_v,5.3,5.3,315257,315973,v1.1,JetHT
HLT_QuadPFJet111_90_80_15_DoubleBTagCSV_p013_p08_VBF1_v,5.3,5.3,315257,315973,v1.1,JetHT
HLT_QuadPFJet111_90_80_15_DoublePFBTagDeepCSV_1p3_7p7_VBF1_v,54.67,54.67,315974,325172,v2.0,JetHT
HLT_QuadPFJet111_90_80_15_PFBTagDeepCSV_1p3_VBF2_v,54.67,54.67,315974,325172,v2.0,JetHT
HLT_QuadPFJet111_90_80_15_v,59.96,0.12,315257,325172,v1.1,JetHT
HLT_QuadPFJet98_83_71_15_BTagCSV_p013_VBF2_v,5.3,5.3,315257,315973,v1.1,JetHT
HLT_QuadPFJet98_83_71_15_DoubleBTagCSV_p013_p08_VBF1_v,5.3,5.3,315257,315973,v1.1,JetHT
HLT_QuadPFJet98_83_71_15_DoublePFBTagDeepCSV_1p3_7p7_VBF1_v,9.25,9.25,315974,317488,v2.0,JetHT
HLT_QuadPFJet98_83_71_15_PFBTagDeepCSV_1p3_VBF2_v,9.25,9.25,315974,317488,v2.0,JetHT
HLT_QuadPFJet98_83_71_15_v,14.54,0.0244,315257,317488,v1.1,JetHT
HLT_Rsq0p35_v,59.96,59.96,315257,325172,v1.1,JetHT
HLT_Rsq0p40_v,59.96,59.96,315257,325172,v1.1,JetHT
HLT_RsqMR300_Rsq0p09_MR200_4jet_v,59.96,59.96,315257,325172,v1.1,JetHT
HLT_RsqMR300_Rsq0p09_MR200_v,59.96,59.96,315257,325172,v1.1,JetHT
HLT_RsqMR320_Rsq0p09_MR200_4jet_v,59.96,59.96,315257,325172,v1.1,JetHT
HLT_RsqMR320_Rsq0p09_MR200_v,59.96,59.96,315257,325172,v1.1,JetHT
HLT_SingleJet30_Mu12_SinglePFJet40_v,59.96,0.0273,315257,325172,v1.1,JetHT
HLT_CaloMET100_HBHECleaned_v,59.96,0.87,315257,325172,v1.1,MET
HLT_CaloMET100_NotCleaned_v,59.96,0.43,315257,325172,v1.1,MET
HLT_CaloMET110_NotCleaned_v,59.96,0.44,315257,325172,v1.1,MET
HLT_CaloMET250_HBHECleaned_v,59.96,7.46,315257,325172,v1.1,MET
HLT_CaloMET250_NotCleaned_v,59.96,7.15,315257,325172,v1.1,MET
HLT_CaloMET300_HBHECleaned_v,59.96,14.88,315257,325172,v1.1,MET
HLT_CaloMET350_HBHECleaned_v,59.96,59.96,315257,325172,v1.1,MET
HLT_CaloMET70_HBHECleaned_v,59.96,0.43,315257,325172,v1.1,MET
HLT_CaloMET80_HBHECleaned_v,59.96,0.43,315257,325172,v1.1,MET
HLT_CaloMET80_NotCleaned_v,59.96,0.43,315257,325172,v1.1,MET
HLT_CaloMET90_HBHECleaned_v,59.96,0.43,315257,325172,v1.1,MET
HLT_CaloMET90_NotCleaned_v,59.96,0.43,315257,325172,v1.1,MET
HLT_CaloMHT90_v,59.96,0.43,315257,325172,v1.1,MET
HLT_DiJet110_35_Mjj650_PFMET110_v,59.96,59.39,315257,325172,v1.1,MET
HLT_DiJet110_35_Mjj650_PFMET120_v,59.96,59.39,315257,325172,v1.1,MET
HLT_DiJet110_35_Mjj650_PFMET130_v,59.96,59.39,315257,325172,v1.1,MET
HLT_L1ETMHadSeeds_v,59.96,0.054,315257,325172,v1.1,MET
HLT_MET105_IsoTrk50_v,59.96,59.96,315257,325172,v1.1,MET
HLT_MET120_IsoTrk50_v,59.96,59.96,315257,325172,v1.1,MET
HLT_MonoCentralPFJet80_PFMETNoMu110_PFMHTNoMu110_IDTight_v,5.3,0.17,315257,315973,v1.1,MET
HLT_MonoCentralPFJet80_PFMETNoMu120_PFMHTNoMu120_IDTight_v,59.96,59.96,315257,325172,v1.1,MET
HLT_MonoCentralPFJet80_PFMETNoMu130_PFMHTNoMu130_IDTight_v,59.96,59.96,315257,325172,v1.1,MET
HLT_MonoCentralPFJet80_PFMETNoMu140_PFMHTNoMu140_IDTight_v,59.96,59.96,315257,325172,v1.1,MET
HLT_PFMET100_PFMHT100_IDTight_CaloBTagCSV_3p1_v,1.41,1.41,315257,315490,v1.1,MET
HLT_PFMET100_PFMHT100_IDTight_PFHT60_v,1.11,1.11,315257,315420,v1.1,MET
HLT_PFMET110_PFMHT110_IDTight_CaloBTagCSV_3p1_v,5.3,5.3,315257,315973,v1.1,MET
HLT_PFMET110_PFMHT110_IDTight_CaloBTagDeepCSV_3p1_v,54.67,54.67,315974,325172,v2.0,MET
HLT_PFMET110_PFMHT110_IDTight_v,5.3,0.025,315257,315973,v1.1,MET
HLT_PFMET120_PFMHT120_IDTight_CaloBTagCSV_3p1_v,5.3,5.3,315257,315973,v1.1,MET
HLT_PFMET120_PFMHT120_IDTight_CaloBTagDeepCSV_3p1_v,54.67,54.67,315974,325172,v2.0,MET
HLT_PFMET120_PFMHT120_IDTight_PFHT60_v,59.96,59.95,315257,325172,v1.1,MET
HLT_PFMET120_PFMHT120_IDTight_v,59.96,59.96,315257,325172,v1.1,MET
HLT_PFMET130_PFMHT130_IDTight_CaloBTagCSV_3p1_v,5.3,5.3,315257,315973,v1.1,MET
HLT_PFMET130_PFMHT130_IDTight_CaloBTagDeepCSV_3p1_v,54.67,54.67,315974,325172,v2.0,MET
HLT_PFMET130_PFMHT130_IDTight_v,59.96,59.96,315257,325172,v1.1,MET
HLT_PFMET140_PFMHT140_IDTight_CaloBTagCSV_3p1_v,5.3,5.3,315257,315973,v1.1,MET
HLT_PFMET140_PFMHT140_IDTight_CaloBTagDeepCSV_3p1_v,54.67,54.67,315974,325172,v2.0,MET
HLT_PFMET140_PFMHT140_IDTight_v,59.96,59.96,315257,325172,v1.1,MET
HLT_PFMET200_HBHECleaned_v,59.96,3.7,315257,325172,v1.1,MET
HLT_PFMET200_HBHE_BeamHaloCleaned_v,59.96,59.96,315257,325172,v1.1,MET
HLT_PFMET200_NotCleaned_v,59.96,3.56,315257,325172,v1.1,MET
HLT_PFMET250_HBHECleaned_v,59.96,59.96,315257,325172,v1.1,MET
HLT_PFMET300_HBHECleaned_v,59.96,59.96,315257,325172,v1.1,MET
HLT_PFMETNoMu100_PFMHTNoMu100_IDTight_PFHT60_v,1.11,1.11,315257,315420,v1.1,MET
HLT_PFMETNoMu110_PFMHTNoMu110_IDTight_v,5.3,0.0186,315257,315973,v1.1,MET
HLT_PFMETNoMu120_PFMHTNoMu120_IDTight_PFHT60_v,59.96,59.95,315257,325172,v1.1,MET
HLT_PFMETNoMu120_PFMHTNoMu120_IDTight_v,59.96,59.96,315257,325172,v1.1,MET
HLT_PFMETNoMu130_PFMHTNoMu130_IDTight_v,59.96,59.96,315257,325172,v1.1,MET
HLT_PFMETNoMu140_PFMHTNoMu140_IDTight_v,59.96,59.96,315257,325172,v1.1,MET
HLT_PFMETTypeOne100_PFMHT100_IDTight_PFHT60_v,1.11,1.11,315257,315420,v1.1,MET
HLT_PFMETTypeOne110_PFMHT110_IDTight_v,5.3,0.0173,315257,315973,v1.1,MET
HLT_PFMETTypeOne120_PFMHT120_IDTight_PFHT60_v,5.3,5.3,315257,315973,v1.1,MET
HLT_PFMETTypeOne120_PFMHT120_IDTight_v,5.3,5.3,315257,315973,v1.1,MET
HLT_PFMETTypeOne130_PFMHT130_IDTight_v,5.3,5.3,315257,315973,v1.1,MET
HLT_PFMETTypeOne140_PFMHT140_IDTight_v,59.96,59.96,315257,325172,v1.1,MET
HLT_PFMETTypeOne200_HBHE_BeamHaloCleaned_v,59.96,59.96,315257,325172,v1.1,MET
HLT_TripleJet110_35_35_Mjj650_PFMET110_v,59.96,59.39,315257,325172,v1.1,MET
HLT_TripleJet110_35_35_Mjj650_PFMET120_v,59.96,59.39,315257,325172,v1.1,MET
HLT_TripleJet110_35_35_Mjj650_PFMET130_v,59.96,59.39,315257,325172,v1.1,MET
HLT_Dimuon0_Upsilon_L1_4p5NoOS_v,5.3,0.0283,315257,315973,v1.1,MuOnia
HLT_Dimuon0_Upsilon_L1_4p5_v,59.96,0.0598,315257,325172,v1.1,MuOnia
HLT_Dimuon0_Upsilon_L1_4p5er2p0M_v,59.96,0.37,315257,325172,v1.1,MuOnia
HLT_Dimuon0_Upsilon_L1_4p5er2p0_v,59.96,0.87,315257,325172,v1.1,MuOnia
HLT_Dimuon0_Upsilon_L1_5M_v,5.3,0.059,315257,315973,v1.1,MuOnia
HLT_Dimuon0_Upsilon_L1_5_v,5.3,0,315257,315973,v1.1,MuOnia
HLT_Dimuon0_Upsilon_Muon_L1_TM0_v,5.3,0,315257,315973,v1.1,MuOnia
HLT_Dimuon0_Upsilon_Muon_NoL1Mass_v,59.96,2.51,315257,325172,v1.1,MuOnia
HLT_Dimuon0_Upsilon_NoVertexing_v,59.96,0.35,315257,325172,v1.1,MuOnia
HLT_Dimuon10_Upsilon_Barrel_Seagulls_v,5.3,5.3,315257,315973,v1.1,MuOnia
HLT_Dimuon12_Upsilon_eta1p5_v,5.3,5.3,315257,315973,v1.1,MuOnia
HLT_Dimuon12_Upsilon_y1p4_v,54.67,54.67,315974,325172,v2.0,MuOnia
HLT_Dimuon14_Phi_Barrel_Seagulls_v,59.96,59.96,315257,325172,v1.1,MuOnia
HLT_Dimuon24_Phi_noCorrL1_v,59.96,59.96,315257,325172,v1.1,MuOnia
HLT_Dimuon24_Upsilon_noCorrL1_v,59.96,59.96,315257,325172,v1.1,MuOnia
HLT_DoubleMu3_DoubleEle7p5_CaloIdL_TrackIdL_Upsilon_v,59.96,59.96,315257,325172,v1.1,MuOnia
HLT_DoubleMu5_Upsilon_DoubleEle3_CaloIdL_TrackIdL_v,59.96,59.96,315257,325172,v1.1,MuOnia
HLT_Mu20_TkMu0_Phi_v,5.3,5.3,315257,315973,v1.1,MuOnia
HLT_Mu25_TkMu0_Onia_v,5.3,5.3,315257,315973,v1.1,MuOnia
HLT_Mu25_TkMu0_Phi_v,59.96,59.96,315257,325172,v1.1,MuOnia
HLT_Mu30_TkMu0_Onia_v,17.68,17.68,315257,317488,v1.1,MuOnia
HLT_Mu30_TkMu0_Upsilon_v,42.28,42.28,317527,325172,v2.2,MuOnia
HLT_Mu7p5_L2Mu2_Upsilon_v,59.96,0.056,315257,325172,v1.1,MuOnia
HLT_Mu7p5_Track2_Upsilon_v,59.96,0.27,315257,325172,v1.1,MuOnia
HLT_Mu7p5_Track3p5_Upsilon_v,59.96,0.28,315257,325172,v1.1,MuOnia
HLT_Mu7p5_Track7_Upsilon_v,59.96,0.28,315257,325172,v1.1,MuOnia
HLT_Trimuon5_3p5_2_Upsilon_Muon_v,59.96,59.96,315257,325172,v1.1,MuOnia
HLT_TrimuonOpen_5_3p5_2_Upsilon_Muon_v,59.96,59.96,315257,325172,v1.1,MuOnia
HLT_DiMu4_Ele9_CaloIdL_TrackIdL_DZ_Mass3p8_v,54.67,54.67,315974,325172,v2.0,MuonEG
HLT_DiMu9_Ele9_CaloIdL_TrackIdL_DZ_v,59.96,59.96,315257,325172,v1.1,MuonEG
HLT_DiMu9_Ele9_CaloIdL_TrackIdL_v,59.96,30.53,315257,325172,v1.1,MuonEG
HLT_DoubleMu20_7_Mass0to30_L1_DM4EG_v,59.96,2.85,315257,325172,v1.1,MuonEG
HLT_DoubleMu20_7_Mass0to30_L1_DM4_v,5.3,0,315257,315973,v1.1,MuonEG
HLT_DoubleMu20_7_Mass0to30_Photon23_v,59.96,59.96,315257,325172,v1.1,MuonEG
HLT_Mu12_DoublePhoton20_v,59.96,59.96,315257,325172,v1.1,MuonEG
HLT_Mu12_TrkIsoVVL_Ele23_CaloIdL_TrackIdL_IsoVL_DZ_v,59.96,59.96,315257,325172,v1.1,MuonEG
HLT_Mu12_TrkIsoVVL_Ele23_CaloIdL_TrackIdL_IsoVL_v,59.96,3.8,315257,325172,v1.1,MuonEG
HLT_Mu17_Photon30_IsoCaloId_v,59.96,59.96,315257,325172,v1.1,MuonEG
HLT_Mu23_TrkIsoVVL_Ele12_CaloIdL_TrackIdL_IsoVL_DZ_v,59.96,59.96,315257,325172,v1.1,MuonEG
HLT_Mu23_TrkIsoVVL_Ele12_CaloIdL_TrackIdL_IsoVL_v,59.96,59.96,315257,325172,v1.1,MuonEG
HLT_Mu27_Ele37_CaloIdL_MW_v,59.96,59.96,315257,325172,v1.1,MuonEG
HLT_Mu37_Ele27_CaloIdL_MW_v,59.96,59.96,315257,325172,v1.1,MuonEG
HLT_Mu38NoFiltersNoVtxDisplaced_Photon38_CaloIdL_v,54.67,54.67,315974,325172,v2.0,MuonEG
HLT_Mu43NoFiltersNoVtxDisplaced_Photon43_CaloIdL_v,54.67,54.67,315974,325172,v2.0,MuonEG
HLT_Mu43NoFiltersNoVtx_Photon43_CaloIdL_v,59.96,59.96,315257,325172,v1.1,MuonEG
HLT_Mu48NoFiltersNoVtx_Photon48_CaloIdL_v,59.96,59.96,315257,325172,v1.1,MuonEG
HLT_Mu8_DiEle12_CaloIdL_TrackIdL_DZ_v,59.96,59.96,315257,325172,v1.1,MuonEG
HLT_Mu8_DiEle12_CaloIdL_TrackIdL_v,59.96,59.96,315257,325172,v1.1,MuonEG
HLT_Mu8_Ele8_CaloIdM_TrackIdM_Mass8_PFHT350_DZ_v,59.96,59.39,315257,325172,v1.1,MuonEG
HLT_Mu8_Ele8_CaloIdM_TrackIdM_Mass8_PFHT350_v,59.96,12.78,315257,325172,v1.1,MuonEG
HLT_Mu8_TrkIsoVVL_Ele23_CaloIdL_TrackIdL_IsoVL_DZ_CaloDiJet30_CaloBtagDeepCSV_1p5_v,42.28,42.28,317527,325172,v2.2,MuonEG
HLT_Mu8_TrkIsoVVL_Ele23_CaloIdL_TrackIdL_IsoVL_DZ_CaloDiJet30_v,42.28,42.28,317527,325172,v2.2,MuonEG
HLT_Mu8_TrkIsoVVL_Ele23_CaloIdL_TrackIdL_IsoVL_DZ_PFDiJet30_PFBtagDeepCSV_1p5_v,42.28,42.28,317527,325172,v2.2,MuonEG
HLT_Mu8_TrkIsoVVL_Ele23_CaloIdL_TrackIdL_IsoVL_DZ_PFDiJet30_v,42.28,42.28,317527,325172,v2.2,MuonEG
HLT_Mu8_TrkIsoVVL_Ele23_CaloIdL_TrackIdL_IsoVL_DZ_v,59.96,59.96,315257,325172,v1.1,MuonEG
HLT_Mu8_TrkIsoVVL_Ele23_CaloIdL_TrackIdL_IsoVL_v,59.96,3.76,315257,325172,v1.1,MuonEG
HLT_CDC_L2cosmic_10_er1p0_v,12.74,2.12,322381,325172,v3.5,NoBPTX
HLT_CDC_L2cosmic_5_er1p0_v,29.54,1.17,317527,322356,v2.2,NoBPTX
HLT_CDC_L2cosmic_5p5_er1p0_v,42.28,1.88,317527,325172,v2.2,NoBPTX
HLT_L2Mu10_NoVertex_NoBPTX3BX_v,59.96,0.69,315257,325172,v1.1,NoBPTX
HLT_L2Mu10_NoVertex_NoBPTX_v,59.96,0.0666,315257,325172,v1.1,NoBPTX
HLT_L2Mu40_NoVertex_3Sta_NoBPTX3BX_v,59.96,59.67,315257,325172,v1.1,NoBPTX
HLT_L2Mu45_NoVertex_3Sta_NoBPTX3BX_v,59.96,59.67,315257,325172,v1.1,NoBPTX
HLT_UncorrectedJetE30_NoBPTX3BX_v,59.96,0,315257,325172,v1.1,NoBPTX
HLT_UncorrectedJetE30_NoBPTX_v,59.96,0.019,315257,325172,v1.1,NoBPTX
HLT_UncorrectedJetE60_NoBPTX3BX_v,59.96,59.96,315257,325172,v1.1,NoBPTX
HLT_UncorrectedJetE70_NoBPTX3BX_v,59.96,59.96,315257,325172,v1.1,NoBPTX
HLT_DoubleEle24_eta2p1_WPTight_Gsf_v,59.96,59.96,315257,325172,v1.1,NotFound
HLT_DoubleIsoMu20_eta2p1_v,59.96,59.96,315257,325172,v1.1,NotFound
HLT_DoubleIsoMu24_eta2p1_v,5.3,5.3,315257,315973,v1.1,NotFound
HLT_DoubleTrkMu_16_6_NoFiltersNoVtx_v,36.38,0.0243,319528,325172,V3.0,NotFound
HLT_EcalCalibration_v,59.97,59.97,315257,325172,v1.1,NotFound
HLT_HT300_Beamspot_v,59.97,1.85,315257,325172,v1.1,NotFound
HLT_HcalCalibration_v,59.97,59.97,315257,325172,v1.1,NotFound
HLT_IsoMu24_eta2p1_MediumChargedIsoPFTau35_Trk1_TightID_eta2p1_Reg_CrossL1_v,17.68,17.68,315257,317488,v1.1,NotFound
HLT_IsoMu24_eta2p1_MediumChargedIsoPFTau35_Trk1_eta2p1_Reg_CrossL1_v,17.68,17.68,315257,317488,v1.1,NotFound
HLT_IsoMu24_eta2p1_MediumChargedIsoPFTau50_Trk30_eta2p1_1pr_v,59.96,59.96,315257,325172,v1.1,NotFound
HLT_IsoMu24_eta2p1_MediumChargedIsoPFTauHPS30_Trk1_eta2p1_Reg_CrossL1_v,8.08,8.08,323725,325172,v3.6,NotFound
HLT_IsoMu24_eta2p1_MediumChargedIsoPFTauHPS35_Trk1_TightID_eta2p1_Reg_CrossL1_v,42.28,42.28,317527,325172,v2.2,NotFound
HLT_IsoMu24_eta2p1_MediumChargedIsoPFTauHPS35_Trk1_eta2p1_Reg_CrossL1_v,59.96,59.96,315257,325172,v1.1,NotFound
HLT_IsoMu24_eta2p1_TightChargedIsoPFTau35_Trk1_TightID_eta2p1_Reg_CrossL1_v,17.68,17.68,315257,317488,v1.1,NotFound
HLT_IsoMu24_eta2p1_TightChargedIsoPFTau35_Trk1_eta2p1_Reg_CrossL1_v,17.68,17.68,315257,317488,v1.1,NotFound
HLT_IsoMu24_eta2p1_TightChargedIsoPFTauHPS35_Trk1_TightID_eta2p1_Reg_CrossL1_v,42.28,42.28,317527,325172,v2.2,NotFound
HLT_IsoMu24_eta2p1_TightChargedIsoPFTauHPS35_Trk1_eta2p1_Reg_CrossL1_v,42.28,42.28,317527,325172,v2.2,NotFound
HLT_IsoMu27_LooseChargedIsoPFTau20_Trk1_eta2p1_SingleL1_v,17.68,17.68,315257,317488,v1.1,NotFound
HLT_IsoMu27_LooseChargedIsoPFTauHPS20_Trk1_eta2p1_SingleL1_v,42.28,42.28,317527,325172,v2.2,NotFound
HLT_IsoMu27_MET90_v,59.96,59.96,315257,325172,v1.1,NotFound
HLT_IsoMu27_MediumChargedIsoPFTau20_Trk1_eta2p1_SingleL1_v,17.68,17.68,315257,317488,v1.1,NotFound
HLT_IsoMu27_MediumChargedIsoPFTauHPS20_Trk1_eta2p1_SingleL1_v,42.28,42.28,317527,325172,v2.2,NotFound
HLT_IsoMu27_TightChargedIsoPFTau20_Trk1_eta2p1_SingleL1_v,17.68,17.68,315257,317488,v1.1,NotFound
HLT_IsoMu27_TightChargedIsoPFTauHPS20_Trk1_eta2p1_SingleL1_v,42.28,42.28,317527,325172,v2.2,NotFound
HLT_L2Mu23NoVtx_2Cha_CosmicSeed_v,59.96,59.96,315257,325172,v1.1,NotFound
HLT_L2Mu23NoVtx_2Cha_v,59.96,59.96,315257,325172,v1.1,NotFound
HLT_Mu10p5_IP3p5_part0_v,0.32,0.0535,315974,316114,v2.0,NotFound
HLT_Mu10p5_IP3p5_part1_v,0.32,0.0535,315974,316114,v2.0,NotFound
HLT_Mu10p5_IP3p5_part2_v,0.32,0.0535,315974,316114,v2.0,NotFound
HLT_Mu10p5_IP3p5_part3_v,0.32,0.0535,315974,316114,v2.0,NotFound
HLT_Mu10p5_IP3p5_part4_v,0.32,0.0535,315974,316114,v2.0,NotFound
HLT_Mu10p5_IP3p5_part5_v,0.32,0.0535,315974,316114,v2.0,NotFound
HLT_Mu12_IP6_part0_v,34.89,6.98,317527,325172,v2.2,NotFound
HLT_Mu12_IP6_part1_v,34.89,6.98,317527,325172,v2.2,NotFound
HLT_Mu12_IP6_part2_v,34.89,6.98,317527,325172,v2.2,NotFound
HLT_Mu12_IP6_part3_v,34.89,6.98,317527,325172,v2.2,NotFound
HLT_Mu12_IP6_part4_v,34.89,6.98,317527,325172,v2.2,NotFound
HLT_Mu3_L1SingleMu5orSingleMu7_v,31.92,0.21,320673,325172,v3.3,NotFound
HLT_Mu7_IP4_part0_v,6.98,1.4,317626,325172,v2.2,NotFound
HLT_Mu7_IP4_part1_v,6.98,1.4,317626,325172,v2.2,NotFound
HLT_Mu7_IP4_part2_v,6.98,1.4,317626,325172,v2.2,NotFound
HLT_Mu7_IP4_part3_v,6.98,1.4,317626,325172,v2.2,NotFound
HLT_Mu7_IP4_part4_v,6.98,1.4,317626,325172,v2.2,NotFound
HLT_Mu8_IP3_part0_v,1.58,0.29,316187,325172,v2.0,NotFound
HLT_Mu8_IP3_part1_v,1.58,0.29,316187,325172,v2.0,NotFound
HLT_Mu8_IP3_part2_v,1.58,0.29,316187,325172,v2.0,NotFound
HLT_Mu8_IP3_part3_v,1.58,0.29,316187,325172,v2.0,NotFound
HLT_Mu8_IP3_part4_v,1.58,0.29,316187,325172,v2.0,NotFound
HLT_Mu8_IP3_part5_v,0.8,0.13,316187,317488,v2.0,NotFound
HLT_Mu8_IP5_part0_v,8.28,1.66,321732,325172,v3.4,NotFound
HLT_Mu8_IP5_part1_v,8.28,1.66,321732,325172,v3.4,NotFound
HLT_Mu8_IP5_part2_v,8.28,1.66,321732,325172,v3.4,NotFound
HLT_Mu8_IP5_part3_v,8.28,1.66,321732,325172,v3.4,NotFound
HLT_Mu8_IP5_part4_v,8.28,1.66,321732,325172,v3.4,NotFound
HLT_Mu8_IP6_part0_v,8.28,1.66,321732,325172,v3.4,NotFound
HLT_Mu8_IP6_part1_v,8.28,1.66,321732,325172,v3.4,NotFound
HLT_Mu8_IP6_part2_v,8.28,1.66,321732,325172,v3.4,NotFound
HLT_Mu8_IP6_part3_v,8.28,1.66,321732,325172,v3.4,NotFound
HLT_Mu8_IP6_part4_v,8.28,1.66,321732,325172,v3.4,NotFound
HLT_Mu8p5_IP3p5_part0_v,0.32,0.0535,315974,316114,v2.0,NotFound
HLT_Mu8p5_IP3p5_part1_v,0.32,0.0535,315974,316114,v2.0,NotFound
HLT_Mu8p5_IP3p5_part2_v,0.32,0.0535,315974,316114,v2.0,NotFound
HLT_Mu8p5_IP3p5_part3_v,0.32,0.0535,315974,316114,v2.0,NotFound
HLT_Mu8p5_IP3p5_part4_v,0.32,0.0535,315974,316114,v2.0,NotFound
HLT_Mu8p5_IP3p5_part5_v,0.32,0.0535,315974,316114,v2.0,NotFound
HLT_Mu9_IP0_part0_v,10.86,0.0036,322381,325172,v3.5,NotFound
HLT_Mu9_IP3_part0_v,10.86,0.0109,322381,325172,v3.5,NotFound
HLT_Mu9_IP5_part0_v,21.02,4.2,317527,325172,v2.2,NotFound
HLT_Mu9_IP5_part1_v,21.02,4.2,317527,325172,v2.2,NotFound
HLT_Mu9_IP5_part2_v,21.02,4.2,317527,325172,v2.2,NotFound
HLT_Mu9_IP5_part3_v,21.02,4.2,317527,325172,v2.2,NotFound
HLT_Mu9_IP5_part4_v,21.02,4.2,317527,325172,v2.2,NotFound
HLT_Mu9_IP6_part0_v,33.72,6.51,315974,325172,v2.0,NotFound
HLT_Mu9_IP6_part1_v,33.72,6.51,315974,325172,v2.0,NotFound
HLT_Mu9_IP6_part2_v,33.72,6.51,315974,325172,v2.0,NotFound
HLT_Mu9_IP6_part3_v,33.72,6.51,315974,325172,v2.0,NotFound
HLT_Mu9_IP6_part4_v,33.72,6.51,315974,325172,v2.0,NotFound
HLT_Mu9_IP6_part5_v,6.88,1.15,315974,317488,v2.0,NotFound
HLT_Physics_part0_v,1.82,0.0027,316058,325159,v2.0,NotFound
HLT_Physics_part1_v,1.82,0.0027,316058,325159,v2.0,NotFound
HLT_Physics_part2_v,1.82,0.0027,316058,325159,v2.0,NotFound
HLT_Physics_part3_v,1.82,0.0027,316058,325159,v2.0,NotFound
HLT_Physics_part4_v,1.82,0.0027,316058,325159,v2.0,NotFound
HLT_Physics_part5_v,1.82,0.0027,316058,325159,v2.0,NotFound
HLT_Physics_part6_v,1.82,0.0027,316058,325159,v2.0,NotFound
HLT_Physics_part7_v,1.82,0.0027,316058,325159,v2.0,NotFound
HLT_TrkMu16NoFiltersNoVtx_v,42.29,0.25,317527,325172,v2.2,NotFound
HLT_TrkMu6NoFiltersNoVtx_v,42.29,0.0019,317527,325172,v2.2,NotFound
HLT_IsoMu20_eta2p1_LooseChargedIsoPFTau27_eta2p1_CrossL1_v,17.68,17.68,315257,317488,v1.1,SingleMuon
HLT_IsoMu20_eta2p1_LooseChargedIsoPFTau27_eta2p1_TightID_CrossL1_v,17.68,17.68,315257,317488,v1.1,SingleMuon
HLT_IsoMu20_eta2p1_LooseChargedIsoPFTauHPS27_eta2p1_CrossL1_v,59.96,59.96,315257,325172,v1.1,SingleMuon
HLT_IsoMu20_eta2p1_LooseChargedIsoPFTauHPS27_eta2p1_TightID_CrossL1_v,42.28,42.28,317527,325172,v2.2,SingleMuon
HLT_IsoMu20_eta2p1_MediumChargedIsoPFTau27_eta2p1_CrossL1_v,17.68,17.68,315257,317488,v1.1,SingleMuon
HLT_IsoMu20_eta2p1_MediumChargedIsoPFTau27_eta2p1_TightID_CrossL1_v,17.68,17.68,315257,317488,v1.1,SingleMuon
HLT_IsoMu20_eta2p1_MediumChargedIsoPFTauHPS27_eta2p1_CrossL1_v,42.28,42.28,317527,325172,v2.2,SingleMuon
HLT_IsoMu20_eta2p1_MediumChargedIsoPFTauHPS27_eta2p1_TightID_CrossL1_v,42.28,42.28,317527,325172,v2.2,SingleMuon
HLT_IsoMu20_eta2p1_TightChargedIsoPFTau27_eta2p1_CrossL1_v,17.68,17.68,315257,317488,v1.1,SingleMuon
HLT_IsoMu20_eta2p1_TightChargedIsoPFTau27_eta2p1_TightID_CrossL1_v,17.68,17.68,315257,317488,v1.1,SingleMuon
HLT_IsoMu20_eta2p1_TightChargedIsoPFTauHPS27_eta2p1_CrossL1_v,42.28,42.28,317527,325172,v2.2,SingleMuon
HLT_IsoMu20_eta2p1_TightChargedIsoPFTauHPS27_eta2p1_TightID_CrossL1_v,42.28,42.28,317527,325172,v2.2,SingleMuon
HLT_IsoMu20_v,59.96,0.27,315257,325172,v1.1,SingleMuon
HLT_IsoMu24_TwoProngs35_v,42.28,42.28,317527,325172,v2.2,SingleMuon
HLT_IsoMu24_eta2p1_v,59.96,59.95,315257,325172,v1.1,SingleMuon
HLT_IsoMu24_v,59.96,59.95,315257,325172,v1.1,SingleMuon
HLT_IsoMu27_v,59.96,59.96,315257,325172,v1.1,SingleMuon
HLT_IsoMu30_v,59.96,59.96,315257,325172,v1.1,SingleMuon
HLT_L1SingleMu18_v,59.96,0.0023,315257,325172,v1.1,SingleMuon
HLT_L1SingleMu25_v,59.96,0.0035,315257,325172,v1.1,SingleMuon
HLT_L2Mu10_v,59.96,0.0102,315257,325172,v1.1,SingleMuon
HLT_L2Mu50_v,59.96,0.12,315257,325172,v1.1,SingleMuon
HLT_Mu10_TrkIsoVVL_DiPFJet40_DEta3p5_MJJ750_HTT350_PFMETNoMu60_v,59.96,0.001,315257,325172,v1.1,SingleMuon
HLT_Mu15_IsoVVVL_PFHT450_CaloBTagCSV_4p5_v,5.3,0.0001,315257,315973,v1.1,SingleMuon
HLT_Mu15_IsoVVVL_PFHT450_CaloBTagDeepCSV_4p5_v,54.67,0.0009,315974,325172,v2.0,SingleMuon
HLT_Mu15_IsoVVVL_PFHT450_PFMET50_v,59.96,0.001,315257,325172,v1.1,SingleMuon
HLT_Mu15_IsoVVVL_PFHT450_v,59.96,0.001,315257,325172,v1.1,SingleMuon
HLT_Mu15_IsoVVVL_PFHT600_v,59.96,0.001,315257,325172,v1.1,SingleMuon
HLT_Mu20_v,59.96,0.0555,315257,325172,v1.1,SingleMuon
HLT_Mu27_v,59.96,0.12,315257,325172,v1.1,SingleMuon
HLT_Mu3_PFJet40_v,59.96,0.0046,315257,325172,v1.1,SingleMuon
HLT_Mu3er1p5_PFJet100er2p5_PFMET100_PFMHT100_IDTight_v,54.67,0.0009,315974,325172,v2.0,SingleMuon
HLT_Mu3er1p5_PFJet100er2p5_PFMET70_PFMHT70_IDTight_v,54.67,0,315974,325172,v2.0,SingleMuon
HLT_Mu3er1p5_PFJet100er2p5_PFMET80_PFMHT80_IDTight_v,54.67,0.0009,315974,325172,v2.0,SingleMuon
HLT_Mu3er1p5_PFJet100er2p5_PFMET90_PFMHT90_IDTight_v,54.67,0.0009,315974,325172,v2.0,SingleMuon
HLT_Mu3er1p5_PFJet100er2p5_PFMETNoMu100_PFMHTNoMu100_IDTight_v,54.67,0.0009,315974,325172,v2.0,SingleMuon
HLT_Mu3er1p5_PFJet100er2p5_PFMETNoMu70_PFMHTNoMu70_IDTight_v,54.67,0,315974,325172,v2.0,SingleMuon
HLT_Mu3er1p5_PFJet100er2p5_PFMETNoMu80_PFMHTNoMu80_IDTight_v,12.38,0.0002,315974,317488,v2.0,SingleMuon
HLT_Mu3er1p5_PFJet100er2p5_PFMETNoMu90_PFMHTNoMu90_IDTight_v,12.38,0.0002,315974,317488,v2.0,SingleMuon
HLT_Mu4_TrkIsoVVL_DiPFJet90_40_DEta3p5_MJJ750_HTT300_PFMETNoMu60_v,54.67,0.0009,315974,325172,v2.0,SingleMuon
HLT_Mu50_IsoVVVL_PFHT450_v,59.96,0.001,315257,325172,v1.1,SingleMuon
HLT_Mu50_v,59.96,59.96,315257,325172,v1.1,SingleMuon
HLT_Mu55_v,59.96,59.96,315257,325172,v1.1,SingleMuon
HLT_Mu8_TrkIsoVVL_DiPFJet40_DEta3p5_MJJ750_HTT300_PFMETNoMu60_v,59.96,0.001,315257,325172,v1.1,SingleMuon
HLT_OldMu100_v,59.96,59.96,315257,325172,v1.1,SingleMuon
HLT_TkMu100_v,59.96,59.96,315257,325172,v1.1,SingleMuon
HLT_DoubleMediumChargedIsoPFTau35_Trk1_TightID_eta2p1_Reg_v,1.41,1.41,315257,315490,v1.1,Tau
HLT_DoubleMediumChargedIsoPFTau35_Trk1_eta2p1_Reg_v,1.41,1.41,315257,315490,v1.1,Tau
HLT_DoubleMediumChargedIsoPFTau40_Trk1_TightID_eta2p1_Reg_v,17.68,17.68,315257,317488,v1.1,Tau
HLT_DoubleMediumChargedIsoPFTau40_Trk1_eta2p1_Reg_v,1.41,1.41,315257,315490,v1.1,Tau
HLT_DoubleMediumChargedIsoPFTauHPS30_L1MaxMass_Trk1_eta2p1_Reg_v,8.08,8.08,323725,325172,v3.6,Tau
HLT_DoubleMediumChargedIsoPFTauHPS35_Trk1_TightID_eta2p1_Reg_v,42.28,42.28,317527,325172,v2.2,Tau
HLT_DoubleMediumChargedIsoPFTauHPS35_Trk1_eta2p1_Reg_v,59.96,59.96,315257,325172,v1.1,Tau
HLT_DoubleMediumChargedIsoPFTauHPS40_Trk1_TightID_eta2p1_Reg_v,42.28,42.28,317527,325172,v2.2,Tau
HLT_DoubleMediumChargedIsoPFTauHPS40_Trk1_eta2p1_Reg_v,42.28,42.28,317527,325172,v2.2,Tau
HLT_DoubleTightChargedIsoPFTau35_Trk1_TightID_eta2p1_Reg_v,17.68,17.68,315257,317488,v1.1,Tau
HLT_DoubleTightChargedIsoPFTau35_Trk1_eta2p1_Reg_v,1.41,1.41,315257,315490,v1.1,Tau
HLT_DoubleTightChargedIsoPFTau40_Trk1_TightID_eta2p1_Reg_v,17.68,17.68,315257,317488,v1.1,Tau
HLT_DoubleTightChargedIsoPFTau40_Trk1_eta2p1_Reg_v,17.68,17.68,315257,317488,v1.1,Tau
HLT_DoubleTightChargedIsoPFTauHPS35_Trk1_TightID_eta2p1_Reg_v,42.28,42.28,317527,325172,v2.2,Tau
HLT_DoubleTightChargedIsoPFTauHPS35_Trk1_eta2p1_Reg_v,42.28,42.28,317527,325172,v2.2,Tau
HLT_DoubleTightChargedIsoPFTauHPS40_Trk1_TightID_eta2p1_Reg_v,42.28,42.28,317527,325172,v2.2,Tau
HLT_DoubleTightChargedIsoPFTauHPS40_Trk1_eta2p1_Reg_v,42.28,42.28,317527,325172,v2.2,Tau
HLT_MediumChargedIsoPFTau180HighPtRelaxedIso_Trk50_eta2p1_1pr_v,59.96,59.96,315257,325172,v1.1,Tau
HLT_MediumChargedIsoPFTau180HighPtRelaxedIso_Trk50_eta2p1_v,59.96,59.96,315257,325172,v1.1,Tau
HLT_MediumChargedIsoPFTau200HighPtRelaxedIso_Trk50_eta2p1_v,59.96,59.96,315257,325172,v1.1,Tau
HLT_MediumChargedIsoPFTau220HighPtRelaxedIso_Trk50_eta2p1_v,59.96,59.96,315257,325172,v1.1,Tau
HLT_MediumChargedIsoPFTau50_Trk30_eta2p1_1pr_MET100_v,59.96,59.96,315257,325172,v1.1,Tau
HLT_MediumChargedIsoPFTau50_Trk30_eta2p1_1pr_MET110_v,59.96,59.96,315257,325172,v1.1,Tau
HLT_MediumChargedIsoPFTau50_Trk30_eta2p1_1pr_MET120_v,59.96,59.96,315257,325172,v1.1,Tau
HLT_MediumChargedIsoPFTau50_Trk30_eta2p1_1pr_MET130_v,59.96,59.96,315257,325172,v1.1,Tau
HLT_MediumChargedIsoPFTau50_Trk30_eta2p1_1pr_MET140_v,59.96,59.96,315257,325172,v1.1,Tau
HLT_MediumChargedIsoPFTau50_Trk30_eta2p1_1pr_MET90_v,5.3,5.3,315257,315973,v1.1,Tau
HLT_MediumChargedIsoPFTau50_Trk30_eta2p1_1pr_v,59.96,0.32,315257,325172,v1.1,Tau
HLT_Photon35_TwoProngs35_v,42.28,42.28,317527,325172,v2.2,Tau
HLT_VBF_DoubleLooseChargedIsoPFTau20_Trk1_eta2p1_v,17.68,17.1,315257,317488,v1.1,Tau
HLT_VBF_DoubleLooseChargedIsoPFTauHPS20_Trk1_eta2p1_v,42.28,42.28,317527,325172,v2.2,Tau
HLT_VBF_DoubleMediumChargedIsoPFTau20_Trk1_eta2p1_v,17.68,17.1,315257,317488,v1.1,Tau
HLT_VBF_DoubleMediumChargedIsoPFTauHPS20_Trk1_eta2p1_v,42.28,42.28,317527,325172,v2.2,Tau
HLT_VBF_DoubleTightChargedIsoPFTau20_Trk1_eta2p1_v,17.68,17.1,315257,317488,v1.1,Tau
HLT_VBF_DoubleTightChargedIsoPFTauHPS20_Trk1_eta2p1_v,42.28,42.28,317527,325172,v2.2,Tau
HLT_Random_v,59.97,1.45,315257,325172,v1.1,ZeroBias