#Data tag : 24v2 , Norm tag: None
#run:fill,time,ncms,hltpath,delivered(/fb),recorded(/fb)
273158:4915,05/11/16 20:42:35,1279,HLT_IsoMu24_v1,0.053942406,0.050641511
273302:4919,05/13/16 02:13:38,459,HLT_IsoMu24_v1,0.017147626,0.016450122
273402:4924,05/14/16 01:49:19,193,HLT_IsoMu24_v1,0.007022182,0.006643308
273403:4924,05/14/16 03:05:27,65,HLT_IsoMu24_v1,0.002372405,0.001837158
273404:4924,05/14/16 03:31:50,22,HLT_IsoMu24_v1,0.000797626,0.000616225
273405:4924,05/14/16 03:42:33,28,HLT_IsoMu24_v1,0.001010878,0.000806201
273406:4924,05/14/16 03:56:09,117,HLT_IsoMu24_v1,0.004159432,0.003803281
273408:4924,05/14/16 04:52:04,8,HLT_IsoMu24_v1,0.000280398,0.000181778
273409:4924,05/14/16 04:56:41,314,HLT_IsoMu24_v1,0.010755324,0.009512812
273410:4924,05/14/16 06:59:49,98,HLT_IsoMu24_v1,0.003260935,0.002753036
273411:4924,05/14/16 07:38:50,29,HLT_IsoMu24_v1,0.000791341,0.000741045
273425:4925,05/14/16 11:17:57,678,HLT_IsoMu24_v1,0.028617449,0.026943660
273446:4926,05/14/16 20:06:55,46,HLT_IsoMu24_v1,0.003222792,0.002161349
273447:4926,05/14/16 20:26:09,419,HLT_IsoMu24_v1,0.027969801,0.026144151
273448:4926,05/14/16 23:11:51,396,HLT_IsoMu24_v1,0.024328483,0.022865029
273449:4926,05/15/16 01:50:28,210,HLT_IsoMu24_v1,0.012159789,0.011498145
273450:4926,05/15/16 03:19:37,643,HLT_IsoMu24_v1,0.033907779,0.032466917
273492:4930,05/16/16 09:07:35,267,HLT_IsoMu24_v1,0.012880231,0.012234310
273493:4930,05/16/16 10:55:49,233,HLT_IsoMu24_v1,0.011008700,0.010446199
273494:4930,05/16/16 12:28:40,192,HLT_IsoMu24_v1,0.008782866,0.008498378
273502:4935,05/16/16 20:00:07,997,HLT_IsoMu24_v1,0.049391995,0.047207129
273503:4935,05/17/16 02:31:25,598,HLT_IsoMu24_v1,0.026370330,0.025558231
273554:4942,05/18/16 05:30:44,366,HLT_IsoMu24_v1,0.028442390,0.026915316
273555:4942,05/18/16 07:55:51,173,HLT_IsoMu24_v1,0.012672391,0.012263026
273725:4947,05/20/16 02:37:26,2470,HLT_IsoMu24_v1,0.161754995,0.155963856
273728:4947,05/20/16 19:02:03,104,HLT_IsoMu24_v1,0.005338479,0.004936529
273730:4947,05/20/16 19:47:25,2126,HLT_IsoMu24_v1,0.089636009,0.087164263
274094:4953,05/27/16 02:21:04,225,HLT_IsoMu24_v1,0.010213593,0.009827929
274146:4956,05/27/16 22:11:21,70,HLT_IsoMu24_v1,0.005949146,0.005167528
274157:4958,05/28/16 11:50:04,427,HLT_IsoMu24_v1,0.042569972,0.040320662
274159:4958,05/28/16 14:43:47,43,HLT_IsoMu24_v1,0.004056289,0.003593492
274160:4958,05/28/16 15:02:52,211,HLT_IsoMu24_v1,0.019315856,0.018178774
274161:4958,05/28/16 16:26:18,516,HLT_IsoMu24_v1,0.044054574,0.042544990
274172:4960,05/29/16 00:45:19,65,HLT_IsoMu24_v1,0.007141239,0.006331700
274198:4961,05/29/16 20:00:35,112,HLT_IsoMu24_v1,0.013365488,0.012189941
274199:4961,05/29/16 20:45:19,630,HLT_IsoMu24_v1,0.070122652,0.066646477
274200:4961,05/30/16 00:53:47,674,HLT_IsoMu24_v1,0.065519821,0.063574858
274240:4964,05/30/16 13:59:19,83,HLT_IsoMu24_v1,0.010778703,0.009915747
274241:4964,05/30/16 14:43:35,1176,HLT_IsoMu24_v1,0.137234795,0.131592723
274244:4964,05/30/16 22:37:51,593,HLT_IsoMu24_v1,0.058720570,0.056837861
274250:4965,05/31/16 05:55:31,703,HLT_IsoMu24_v1,0.101371913,0.095683610
274251:4965,05/31/16 10:30:54,546,HLT_IsoMu24_v1,0.067563471,0.065403835
274283:4976,06/01/16 03:25:03,19,HLT_IsoMu24_v1,0.003072535,0.000396680
274284:4976,06/01/16 03:34:51,213,HLT_IsoMu24_v1,0.032083882,0.029937468
274286:4976,06/01/16 05:04:18,154,HLT_IsoMu24_v1,0.022531267,0.021565539
274314:4979,06/01/16 15:02:56,69,HLT_IsoMu24_v1,0.012684532,0.010086863
274315:4979,06/01/16 15:32:32,425,HLT_IsoMu24_v1,0.073973333,0.070045830
274316:4979,06/01/16 18:20:25,970,HLT_IsoMu24_v1,0.142787667,0.136610404
274317:4979,06/02/16 00:39:53,18,HLT_IsoMu24_v1,0.002411526,0.000314271
274319:4979,06/02/16 00:56:19,225,HLT_IsoMu24_v1,0.029423353,0.028457824
274335:4980,06/02/16 09:10:43,944,HLT_IsoMu24_v1,0.154761434,0.148181338
274336:4980,06/02/16 15:25:02,14,HLT_IsoMu24_v1,0.002074851,0.001802284
274337:4980,06/02/16 15:32:31,17,HLT_IsoMu24_v1,0.002507249,0.001841747
274338:4980,06/02/16 15:41:22,698,HLT_IsoMu24_v1,0.095328772,0.089906792
274339:4980,06/02/16 20:15:40,95,HLT_IsoMu24_v1,0.012005734,0.011287158
274344:4980,06/02/16 21:29:06,634,HLT_IsoMu24_v1,0.073745337,0.070546472
274345:4980,06/03/16 01:37:46,170,HLT_IsoMu24_v1,0.018443242,0.017880226
274382:4984,06/03/16 15:37:56,51,HLT_IsoMu24_v1,0.008058245,0.007500508
274387:4985,06/03/16 19:10:09,355,HLT_IsoMu24_v1,0.062904297,0.058817639
274388:4985,06/03/16 21:32:38,1820,HLT_IsoMu24_v1,0.266131720,0.256527308
274420:4988,06/04/16 20:16:58,176,HLT_IsoMu24_v1,0.029986214,0.028364154
274421:4988,06/04/16 21:28:04,348,HLT_IsoMu24_v1,0.057686771,0.054434025
274422:4988,06/04/16 23:46:51,2207,HLT_IsoMu24_v1,0.288627425,0.279871584
274440:4990,06/05/16 19:32:38,406,HLT_IsoMu24_v1,0.067560149,0.064168997
274441:4990,06/05/16 22:13:06,437,HLT_IsoMu24_v1,0.067615186,0.064548155
274442:4990,06/06/16 01:05:09,752,HLT_IsoMu24_v1,0.103278232,0.099915777
274954:5005,06/11/16 09:40:51,21,HLT_IsoMu24_v2,0.001228921,0.000974299
274955:5005,06/11/16 09:52:07,91,HLT_IsoMu24_v2,0.005052663,0.004820249
274968:5013,06/11/16 22:51:22,1205,HLT_IsoMu24_v2,0.206624707,0.195698191
274969:5013,06/12/16 06:41:54,1003,HLT_IsoMu24_v2,0.137163748,0.127759847
274970:5013,06/12/16 13:12:54,47,HLT_IsoMu24_v2,0.005763101,0.004336803
274971:5013,06/12/16 13:33:30,905,HLT_IsoMu24_v2,0.101595307,0.098459293
274998:5017,06/13/16 04:19:30,725,HLT_IsoMu24_v2,0.121684863,0.114126647
274999:5017,06/13/16 09:04:45,1252,HLT_IsoMu24_v2,0.171467570,0.164254471
275000:5017,06/13/16 17:15:35,140,HLT_IsoMu24_v2,0.016957498,0.015947691
275001:5017,06/13/16 18:12:42,2057,HLT_IsoMu24_v2,0.204673305,0.199348168
275059:5020,06/14/16 16:49:52,42,HLT_IsoMu24_v2,0.007862860,0.006173178
275066:5020,06/14/16 17:45:35,105,HLT_IsoMu24_v2,0.021196414,0.018455627
275067:5020,06/14/16 18:28:40,396,HLT_IsoMu24_v2,0.075059031,0.071620415
275068:5020,06/14/16 21:05:49,921,HLT_IsoMu24_v2,0.149753658,0.143137052
275073:5020,06/15/16 03:32:47,519,HLT_IsoMu24_v2,0.071276034,0.068508877
275074:5020,06/15/16 06:56:59,647,HLT_IsoMu24_v2,0.078909615,0.076334143
275124:5021,06/15/16 17:50:26,328,HLT_IsoMu24_v2,0.059890435,0.056673718
275125:5021,06/15/16 20:00:21,989,HLT_IsoMu24_v2,0.157464292,0.150728669
275282:5024,06/17/16 00:05:52,91,HLT_IsoMu24_v2,0.015912856,0.014901711
275283:5024,06/17/16 00:43:11,132,HLT_IsoMu24_v2,0.023564069,0.022437984
275284:5024,06/17/16 01:36:53,74,HLT_IsoMu24_v2,0.012930306,0.012449043
275290:5024,06/17/16 03:58:56,48,HLT_IsoMu24_v2,0.007698960,0.002679610
275291:5024,06/17/16 04:28:35,352,HLT_IsoMu24_v2,0.054181060,0.051726835
275292:5024,06/17/16 06:46:47,121,HLT_IsoMu24_v2,0.016448089,0.015676583
275293:5024,06/17/16 07:37:27,200,HLT_IsoMu24_v2,0.026019764,0.025137954
275309:5026,06/17/16 13:48:15,570,HLT_IsoMu24_v2,0.086903879,0.082747896
275310:5026,06/17/16 17:32:53,1935,HLT_IsoMu24_v2,0.231569260,0.223928386
275311:5026,06/18/16 06:07:07,1253,HLT_IsoMu24_v2,0.110651647,0.108015050
275319:5027,06/18/16 18:56:15,146,HLT_IsoMu24_v2,0.026729383,0.024647864
275337:5027,06/18/16 21:26:04,430,HLT_IsoMu24_v2,0.072325734,0.068989273
275338:5027,06/19/16 00:15:37,520,HLT_IsoMu24_v2,0.078279634,0.075749680
275344:5028,06/19/16 08:18:25,287,HLT_IsoMu24_v2,0.053925344,0.050722207
275345:5028,06/19/16 10:12:11,353,HLT_IsoMu24_v2,0.062652247,0.059911242
275370:5029,06/19/16 16:19:29,291,HLT_IsoMu24_v2,0.055920212,0.052091600
275371:5029,06/19/16 18:16:49,569,HLT_IsoMu24_v2,0.100184760,0.094980778
275375:5030,06/20/16 02:17:12,1327,HLT_IsoMu24_v2,0.216056608,0.207472096
275376:5030,06/20/16 10:55:04,3096,HLT_IsoMu24_v2,0.334800524,0.326027959
275657:5038,06/24/16 03:32:32,109,HLT_IsoMu24_v2,0.020906753,0.018443210
275658:5038,06/24/16 04:16:07,344,HLT_IsoMu24_v2,0.064757702,0.060098562
275659:5038,06/24/16 06:31:38,17,HLT_IsoMu24_v2,0.003062351,0.002957970
275761:5043,06/25/16 04:24:16,11,HLT_IsoMu24_v2,0.002346518,0.001681831
275767:5043,06/25/16 05:31:36,8,HLT_IsoMu24_v2,0.001611087,0.000712075
275772:5043,06/25/16 06:28:17,61,HLT_IsoMu24_v2,0.011821780,0.010451059
275773:5043,06/25/16 06:53:33,12,HLT_IsoMu24_v2,0.002289508,0.001193548
275774:5043,06/25/16 07:01:55,316,HLT_IsoMu24_v2,0.058895815,0.055616598
275776:5043,06/25/16 09:11:23,143,HLT_IsoMu24_v2,0.025259532,0.023487065
275777:5043,06/25/16 10:12:24,304,HLT_IsoMu24_v2,0.051032323,0.048382200
275778:5043,06/25/16 12:13:15,319,HLT_IsoMu24_v2,0.050004335,0.046162239
275782:5043,06/25/16 14:44:49,761,HLT_IsoMu24_v2,0.104347220,0.100440869
275832:5045,06/26/16 17:18:04,371,HLT_IsoMu24_v2,0.079108510,0.073405157
275833:5045,06/26/16 19:45:07,251,HLT_IsoMu24_v2,0.049127955,0.046797338
275834:5045,06/26/16 21:26:02,297,HLT_IsoMu24_v2,0.054510748,0.052459222
275835:5045,06/26/16 23:24:23,13,HLT_IsoMu24_v2,0.002293466,0.002089769
275836:5045,06/26/16 23:32:00,1284,HLT_IsoMu24_v2,0.196227628,0.186382047
275837:5045,06/27/16 07:59:11,715,HLT_IsoMu24_v2,0.086791850,0.084175665
275847:5045,06/27/16 13:59:22,2263,HLT_IsoMu24_v2,0.205471945,0.200568283
275886:5048,06/28/16 08:39:25,40,HLT_IsoMu24_v2,0.008804556,0.007663539
275890:5048,06/28/16 09:27:45,1393,HLT_IsoMu24_v2,0.247481113,0.237643512
275911:5052,06/29/16 01:49:35,381,HLT_IsoMu24_v2,0.078028462,0.073962957
275912:5052,06/29/16 04:21:23,297,HLT_IsoMu24_v2,0.056061325,0.052522090
275913:5052,06/29/16 06:19:55,480,HLT_IsoMu24_v2,0.082244042,0.077387909
275918:5052,06/29/16 09:29:20,332,HLT_IsoMu24_v2,0.051968581,0.050183131
275920:5052,06/29/16 11:54:52,472,HLT_IsoMu24_v2,0.066187039,0.061815814
275921:5052,06/29/16 14:59:30,27,HLT_IsoMu24_v2,0.003641330,0.002717751
275923:5052,06/29/16 15:16:55,127,HLT_IsoMu24_v2,0.016791010,0.016046496
275931:5052,06/29/16 16:34:22,89,HLT_IsoMu24_v2,0.011329903,0.011009937
275963:5056,06/30/16 01:02:54,90,HLT_IsoMu24_v2,0.020866718,0.019769759
276092:5060,07/01/16 02:14:32,80,HLT_IsoMu24_v2,0.016851695,0.014927815
276097:5060,07/01/16 03:07:31,507,HLT_IsoMu24_v2,0.104680330,0.100454353
276242:5069,07/02/16 14:05:34,1649,HLT_IsoMu24_v2,0.285923997,0.271464551
276243:5069,07/03/16 00:56:20,625,HLT_IsoMu24_v2,0.085468245,0.078522762
276244:5069,07/03/16 05:03:30,1202,HLT_IsoMu24_v2,0.138837520,0.133636511
276282:5071,07/03/16 18:15:01,1069,HLT_IsoMu24_v2,0.217209224,0.207841147
276283:5071,07/04/16 01:13:27,1087,HLT_IsoMu24_v2,0.175660442,0.168603350
276315:5072,07/04/16 11:19:05,180,HLT_IsoMu24_v2,0.037163665,0.034412678
276317:5072,07/04/16 12:32:52,140,HLT_IsoMu24_v2,0.028397575,0.026592538
276318:5072,07/04/16 13:29:46,574,HLT_IsoMu24_v2,0.103913808,0.098975366
276355:5073,07/04/16 21:39:48,33,HLT_IsoMu24_v2,0.006541869,0.006271040
276361:5073,07/04/16 22:36:15,831,HLT_IsoMu24_v2,0.158220632,0.151012639
276363:5073,07/05/16 04:07:36,1480,HLT_IsoMu24_v2,0.218115595,0.208305512
276384:5073,07/05/16 13:46:43,1117,HLT_IsoMu24_v2,0.126291957,0.122563645
276437:5076,07/06/16 02:58:47,2125,HLT_IsoMu24_v2,0.374099525,0.359764792
276454:5076,07/06/16 18:08:15,527,HLT_IsoMu24_v2,0.066435608,0.064517147
276458:5076,07/07/16 02:00:22,341,HLT_IsoMu24_v2,0.034238035,0.033452613
276495:5078,07/07/16 11:20:57,187,HLT_IsoMu24_v2,0.041438190,0.038488031
276501:5078,07/07/16 12:46:30,2550,HLT_IsoMu24_v2,0.422104299,0.405660552
276502:5078,07/08/16 05:20:54,741,HLT_IsoMu24_v2,0.088980130,0.086178508
276525:5080,07/08/16 14:14:55,2793,HLT_IsoMu24_v2,0.421790669,0.406933303
276527:5080,07/09/16 08:34:41,214,HLT_IsoMu24_v2,0.023371639,0.022643718
276528:5080,07/09/16 10:00:39,394,HLT_IsoMu24_v2,0.040052211,0.038702583
276542:5083,07/09/16 16:32:22,784,HLT_IsoMu24_v2,0.157798589,0.150098805
276543:5083,07/09/16 21:39:40,959,HLT_IsoMu24_v2,0.156889102,0.149648537
276544:5083,07/10/16 03:53:24,161,HLT_IsoMu24_v2,0.023256821,0.022197194
276545:5083,07/10/16 04:59:01,207,HLT_IsoMu24_v2,0.027974555,0.026880403
276581:5085,07/10/16 12:24:16,369,HLT_IsoMu24_v2,0.078584933,0.074866909
276582:5085,07/10/16 14:52:29,873,HLT_IsoMu24_v2,0.157188413,0.151514659
276583:5085,07/10/16 20:34:28,56,HLT_IsoMu24_v2,0.008977231,0.007915070
276584:5085,07/10/16 20:59:17,2,HLT_IsoMu24_v2,0.000319045,0.000174379
276585:5085,07/10/16 21:31:21,246,HLT_IsoMu24_v2,0.037354351,0.035229364
276586:5085,07/10/16 23:10:08,752,HLT_IsoMu24_v2,0.101331773,0.097861972
276587:5085,07/11/16 04:13:21,1006,HLT_IsoMu24_v2,0.112642493,0.108607793
276653:5091,07/12/16 00:12:31,484,HLT_IsoMu24_v2,0.091511108,0.087327133
276655:5091,07/12/16 03:26:27,1105,HLT_IsoMu24_v2,0.173634696,0.163109976
276659:5091,07/12/16 10:39:13,251,HLT_IsoMu24_v2,0.033183422,0.030365549
276775:5093,07/12/16 21:26:20,1165,HLT_IsoMu24_v2,0.220884043,0.209558613
276776:5093,07/13/16 05:02:29,1823,HLT_IsoMu24_v2,0.246879948,0.238494780
276794:5093,07/13/16 17:05:19,885,HLT_IsoMu24_v2,0.090241067,0.087941957
276807:5095,07/14/16 03:24:10,160,HLT_IsoMu24_v2,0.033688567,0.030768741
276808:5095,07/14/16 04:28:59,877,HLT_IsoMu24_v2,0.166190525,0.159470572
276810:5095,07/14/16 10:15:44,288,HLT_IsoMu24_v2,0.047313662,0.045167887
276811:5095,07/14/16 12:15:34,2563,HLT_IsoMu24_v2,0.314203317,0.304356839
276831:5096,07/15/16 07:47:46,2644,HLT_IsoMu24_v2,0.421692430,0.404186095
276834:5096,07/16/16 01:42:10,724,HLT_IsoMu24_v2,0.076623245,0.073217236
276870:5097,07/16/16 11:02:01,3403,HLT_IsoMu24_v2,0.551979911,0.531765583
276935:5101,07/17/16 23:39:55,824,HLT_IsoMu24_v2,0.181424268,0.171845603
276940:5102,07/18/16 08:13:36,144,HLT_IsoMu24_v2,0.034321966,0.029025451
276946:5102,07/18/16 09:56:36,27,HLT_IsoMu24_v2,0.006236469,0.004299742
276947:5102,07/18/16 10:11:19,141,HLT_IsoMu24_v2,0.031548212,0.024873114
276948:5102,07/18/16 11:09:47,475,HLT_IsoMu24_v2,0.096757556,0.086854899
276950:5102,07/18/16 14:16:45,2353,HLT_IsoMu24_v2,0.340675434,0.326195781
277069:5105,07/19/16 17:52:15,311,HLT_IsoMu24_v2,0.080487871,0.076408143
277070:5105,07/19/16 19:54:11,1060,HLT_IsoMu24_v2,0.220242053,0.208687486
277071:5105,07/20/16 02:48:37,171,HLT_IsoMu24_v2,0.029568980,0.026613803
277072:5105,07/20/16 04:01:41,473,HLT_IsoMu24_v2,0.073700880,0.069830645
277073:5105,07/20/16 07:09:53,91,HLT_IsoMu24_v2,0.013419561,0.012867861
277076:5105,07/20/16 07:55:58,1033,HLT_IsoMu24_v2,0.132130281,0.127053783
277087:5105,07/20/16 17:49:22,988,HLT_IsoMu24_v2,0.090155085,0.087060090
277094:5106,07/21/16 04:03:56,588,HLT_IsoMu24_v2,0.139428856,0.132577619
277096:5106,07/21/16 07:56:14,2086,HLT_IsoMu24_v2,0.336802227,0.323779500
277112:5106,07/21/16 21:29:34,155,HLT_IsoMu24_v2,0.018210637,0.017565889
277126:5107,07/22/16 01:36:48,18,HLT_IsoMu24_v2,0.004513459,0.001989961
277127:5107,07/22/16 01:46:10,901,HLT_IsoMu24_v2,0.193479192,0.185988483
277148:5108,07/22/16 10:31:04,628,HLT_IsoMu24_v2,0.137884821,0.129584055
277166:5109,07/22/16 18:10:23,355,HLT_IsoMu24_v2,0.075401629,0.071423448
277168:5109,07/22/16 20:34:53,2223,HLT_IsoMu24_v2,0.334324712,0.322020906
277180:5110,07/23/16 13:37:57,141,HLT_IsoMu24_v2,0.034065290,0.031605772
277194:5111,07/23/16 18:25:08,1954,HLT_IsoMu24_v2,0.393460580,0.371051725
277305:5116,07/25/16 01:23:14,683,HLT_IsoMu24_v2,0.164878863,0.156008009
277420:5117,07/25/16 19:44:15,263,HLT_IsoMu24_v2,0.065979839,0.061594068
277981:5151,08/01/16 11:52:59,76,HLT_IsoMu24_v2,0.004911201,0.004507902
277991:5151,08/01/16 15:43:56,90,HLT_IsoMu24_v2,0.005181827,0.004650077
277992:5151,08/01/16 16:22:25,311,HLT_IsoMu24_v2,0.017432449,0.016565390
278017:5154,08/01/16 23:26:43,517,HLT_IsoMu24_v2,0.135012964,0.126317713
278018:5154,08/02/16 02:52:01,1158,HLT_IsoMu24_v2,0.227486191,0.216262016
278167:5161,08/03/16 18:39:02,2171,HLT_IsoMu24_v2,0.331910926,0.317529995
278175:5161,08/04/16 08:44:58,88,HLT_IsoMu24_v2,0.009356528,0.009121977
278193:5162,08/04/16 12:31:44,155,HLT_IsoMu24_v2,0.036753241,0.034971066
278239:5163,08/04/16 23:23:01,676,HLT_IsoMu24_v2,0.145762069,0.134595555
278240:5163,08/05/16 03:46:54,1303,HLT_IsoMu24_v2,0.207410331,0.198739529
278273:5169,08/05/16 17:37:20,40,HLT_IsoMu24_v2,0.008171111,0.005915095
278274:5169,08/05/16 17:55:42,85,HLT_IsoMu24_v2,0.019782256,0.018218056
278288:5170,08/05/16 21:11:12,15,HLT_IsoMu24_v2,0.003780502,0.002906664
278289:5170,08/05/16 21:18:02,54,HLT_IsoMu24_v2,0.012060150,0.009557321
278290:5170,08/05/16 21:42:34,11,HLT_IsoMu24_v2,0.002643740,0.002448792
278308:5173,08/06/16 13:00:39,1750,HLT_IsoMu24_v2,0.333867993,0.316338147
278310:5173,08/07/16 00:47:36,709,HLT_IsoMu24_v2,0.092298489,0.089216197
278315:5179,08/07/16 10:56:52,693,HLT_IsoMu24_v2,0.151256182,0.138937823
278345:5181,08/08/16 00:13:39,748,HLT_IsoMu24_v2,0.165507469,0.151740578
278346:5181,08/08/16 05:08:15,141,HLT_IsoMu24_v2,0.026901448,0.022486479
278349:5181,08/08/16 06:27:06,617,HLT_IsoMu24_v2,0.100637323,0.095653085
278366:5181,08/08/16 10:36:47,453,HLT_IsoMu24_v2,0.062155739,0.059965424
278406:5183,08/08/16 17:15:50,1597,HLT_IsoMu24_v2,0.316165421,0.300016931
278509:5187,08/09/16 18:29:15,1467,HLT_IsoMu24_v2,0.297804396,0.276277382
278770:5197,08/13/16 06:54:00,767,HLT_IsoMu24_v2,0.172788929,0.165550062
#Summary:
#hltpath,nfill,nrun,ncms,totdelivered(/fb),totrecorded(/fb)
#HLT_IsoMu24_v1,23,66,29821,2.925686067,2.788072133
#HLT_IsoMu24_v2,56,164,110526,17.555917170,16.709824987
#
#Sum delivered  : 20.481603237
#Sum recorded : 19.497897120
#Check JSON:
#(run,ls) in json but not in results: []
